stamp_sec,stamp_nsec,status,service,latitude,longitude
1744809426,0,1,1,25.75819206237793,-80.37357330322266
1744809427,0,1,1,25.75819206237793,-80.37357330322266
1744809428,0,1,1,25.75819206237793,-80.37357330322266
1744809429,0,1,1,25.75819206237793,-80.37357330322266
1744809430,0,1,1,25.758193969726562,-80.37357330322266
1744809431,0,1,1,25.758195877075195,-80.37357330322266
1744809432,0,1,1,25.758197784423828,-80.37357330322266
1744809433,0,1,1,25.75819969177246,-80.37357330322266
1744809435,0,1,1,25.758201599121094,-80.37357330322266
1744809436,0,1,1,25.758203506469727,-80.37357330322266
1744809437,0,1,1,25.75820541381836,-80.37358093261719
1744809438,0,1,1,25.75820541381836,-80.37358093261719
1744809439,0,1,1,25.758207321166992,-80.37358093261719
1744809440,0,1,1,25.758209228515625,-80.37358856201172
1744809442,0,1,1,25.758211135864258,-80.37359619140625
1744809443,0,1,1,25.75821304321289,-80.37359619140625
1744809444,0,1,1,25.758214950561523,-80.37360382080078
1744809445,0,1,1,25.758216857910156,-80.37361145019531
1744809446,0,1,1,25.75821876525879,-80.37361907958984
1744809447,0,1,1,25.758220672607422,-80.37362670898438
1744809448,0,1,1,25.758222579956055,-80.3736343383789
1744809450,0,1,1,25.75822639465332,-80.37364959716797
1744809452,0,1,1,25.758230209350586,-80.37366485595703
1744809453,0,1,1,25.75823211669922,-80.37367248535156
1744809454,0,1,1,25.75823402404785,-80.3736801147461
1744809455,0,1,1,25.758235931396484,-80.37368774414062
1744809456,0,1,1,25.758237838745117,-80.37370300292969
1744809458,0,1,1,25.758241653442383,-80.37371826171875
1744809459,0,1,1,25.758243560791016,-80.37372589111328
1744809460,0,1,1,25.75824546813965,-80.37373352050781
1744809462,0,1,1,25.758251190185547,-80.37374877929688
1744809463,0,1,1,25.75825309753418,-80.3737564086914
1744809464,0,1,1,25.758255004882812,-80.37376403808594
1744809465,0,1,1,25.758256912231445,-80.37377166748047
1744809466,0,1,1,25.758258819580078,-80.37378692626953
1744809468,0,1,1,25.758262634277344,-80.3738021850586
1744809469,0,1,1,25.758264541625977,-80.37380981445312
1744809470,0,1,1,25.75826644897461,-80.37381744384766
1744809471,0,1,1,25.758268356323242,-80.37382507324219
1744809472,0,1,1,25.758272171020508,-80.37383270263672
1744809473,0,1,1,25.75827407836914,-80.37384033203125
1744809475,0,1,1,25.758277893066406,-80.37385559082031
1744809476,0,1,1,25.75827980041504,-80.37386322021484
1744809477,0,1,1,25.758281707763672,-80.37387084960938
1744809478,0,1,1,25.758283615112305,-80.3738784790039
1744809479,0,1,1,25.758285522460938,-80.3738784790039
1744809480,0,1,1,25.75828742980957,-80.37388610839844
1744809481,0,1,1,25.758289337158203,-80.37388610839844
1744809483,0,1,1,25.758289337158203,-80.3739013671875
1744809484,0,1,1,25.75828742980957,-80.3739013671875
1744809485,0,1,1,25.758283615112305,-80.3739013671875
1744809486,0,1,1,25.758281707763672,-80.37390899658203
1744809487,0,1,1,25.75827980041504,-80.37390899658203
1744809488,0,1,1,25.758275985717773,-80.37390899658203
1744809489,0,1,1,25.758272171020508,-80.37390899658203
1744809491,0,1,1,25.758264541625977,-80.37390899658203
1744809492,0,1,1,25.758258819580078,-80.37390899658203
1744809493,0,1,1,25.75825309753418,-80.37390899658203
1744809494,0,1,1,25.75824737548828,-80.37390899658203
1744809495,0,1,1,25.758241653442383,-80.37390899658203
1744809496,0,1,1,25.75823402404785,-80.37390899658203
1744809498,0,1,1,25.758220672607422,-80.37390899658203
1744809500,0,1,1,25.75820541381836,-80.37390899658203
1744809501,0,1,1,25.758197784423828,-80.37390899658203
1744809502,0,1,1,25.758190155029297,-80.3739013671875
1744809503,0,1,1,25.758182525634766,-80.3739013671875
1744809504,0,1,1,25.758174896240234,-80.3739013671875
1744809505,0,1,1,25.758169174194336,-80.3739013671875
1744809506,0,1,1,25.758159637451172,-80.3739013671875
1744809508,0,1,1,25.758146286010742,-80.3739013671875
1744809509,0,1,1,25.75813865661621,-80.3739013671875
1744809510,0,1,1,25.75813102722168,-80.3739013671875
1744809511,0,1,1,25.75812339782715,-80.3739013671875
1744809512,0,1,1,25.758115768432617,-80.3739013671875
1744809513,0,1,1,25.758108139038086,-80.3739013671875
1744809514,0,1,1,25.758100509643555,-80.3739013671875
1744809516,0,1,1,25.758085250854492,-80.37389373779297
1744809517,0,1,1,25.75807762145996,-80.37389373779297
1744809518,0,1,1,25.75806999206543,-80.37389373779297
1744809520,0,1,1,25.758054733276367,-80.37389373779297
1744809521,0,1,1,25.758047103881836,-80.37389373779297
1744809522,0,1,1,25.758039474487305,-80.37389373779297
1744809523,0,1,1,25.758031845092773,-80.37389373779297
1744809525,0,1,1,25.758014678955078,-80.37389373779297
1744809526,0,1,1,25.758007049560547,-80.37389373779297
1744809528,0,1,1,25.757999420166016,-80.37389373779297
1744809529,0,1,1,25.757993698120117,-80.37389373779297
1744809530,0,1,1,25.75798797607422,-80.37389373779297
1744809531,0,1,1,25.75798225402832,-80.37389373779297
1744809532,0,1,1,25.757976531982422,-80.37389373779297
1744809534,0,1,1,25.75796890258789,-80.37389373779297
1744809535,0,1,1,25.757963180541992,-80.37389373779297
1744809536,0,1,1,25.75796127319336,-80.37388610839844
1744809537,0,1,1,25.757957458496094,-80.37388610839844
1744809538,0,1,1,25.75795555114746,-80.37388610839844
1744809540,0,1,1,25.757951736450195,-80.3738784790039
1744809542,0,1,1,25.757946014404297,-80.37386322021484
1744809543,0,1,1,25.757944107055664,-80.37385559082031
1744809544,0,1,1,25.75794219970703,-80.37385559082031
1744809545,0,1,1,25.7579402923584,-80.37384796142578
1744809546,0,1,1,25.757938385009766,-80.37384033203125
1744809547,0,1,1,25.757936477661133,-80.37383270263672
1744809549,0,1,1,25.757932662963867,-80.37381744384766
1744809550,0,1,1,25.757930755615234,-80.3738021850586
1744809551,0,1,1,25.7579288482666,-80.37379455566406
1744809552,0,1,1,25.75792694091797,-80.37378692626953
1744809553,0,1,1,25.757923126220703,-80.373779296875
1744809554,0,1,1,25.75792121887207,-80.37377166748047
1744809555,0,1,1,25.757919311523438,-80.37376403808594
1744809557,0,1,1,25.757915496826172,-80.37374877929688
1744809558,0,1,1,25.757911682128906,-80.37374114990234
1744809559,0,1,1,25.757909774780273,-80.37373352050781
1744809560,0,1,1,25.75790786743164,-80.37372589111328
1744809561,0,1,1,25.757905960083008,-80.37371826171875
1744809562,0,1,1,25.757902145385742,-80.37371063232422
1744809564,0,1,1,25.757898330688477,-80.37369537353516
1744809565,0,1,1,25.75789451599121,-80.37368774414062
1744809566,0,1,1,25.757892608642578,-80.3736801147461
1744809567,0,1,1,25.757890701293945,-80.37367248535156
1744809568,0,1,1,25.75788688659668,-80.3736572265625
1744809569,0,1,1,25.757884979248047,-80.37364959716797
1744809570,0,1,1,25.75788116455078,-80.37364196777344
1744809572,0,1,1,25.757877349853516,-80.37362670898438
1744809573,0,1,1,25.75787353515625,-80.37361907958984
1744809574,0,1,1,25.757871627807617,-80.37361145019531
1744809575,0,1,1,25.75786781311035,-80.37360382080078
1744809577,0,1,1,25.757863998413086,-80.37358856201172
1744809578,0,1,1,25.75786018371582,-80.37358093261719
1744809579,0,1,1,25.757858276367188,-80.37357330322266
1744809580,0,1,1,25.757854461669922,-80.37356567382812
1744809582,0,1,1,25.757848739624023,-80.37354278564453
1744809583,0,1,1,25.75784683227539,-80.37353515625
1744809584,0,1,1,25.757843017578125,-80.37352752685547
1744809585,0,1,1,25.757841110229492,-80.37351989746094
1744809586,0,1,1,25.75783920288086,-80.3735122680664
1744809587,0,1,1,25.757835388183594,-80.37350463867188
1744809589,0,1,1,25.757829666137695,-80.37348937988281
1744809590,0,1,1,25.757827758789062,-80.37348175048828
1744809591,0,1,1,25.75782585144043,-80.37347412109375
1744809592,0,1,1,25.757822036743164,-80.37346649169922
1744809593,0,1,1,25.75782012939453,-80.37345886230469
1744809595,0,1,1,25.7578182220459,-80.37345123291016
1744809596,0,1,1,25.7578125,-80.3734359741211
1744809597,0,1,1,25.7578125,-80.37342834472656
1744809598,0,1,1,25.7578125,-80.37342071533203
1744809599,0,1,1,25.7578125,-80.37342071533203
1744809600,0,1,1,25.757814407348633,-80.3734130859375
1744809601,0,1,1,25.7578182220459,-80.3734130859375
1744809603,0,1,1,25.757822036743164,-80.37340545654297
1744809604,0,1,1,25.75782585144043,-80.37340545654297
1744809605,0,1,1,25.757829666137695,-80.37340545654297
1744809606,0,1,1,25.757835388183594,-80.37339782714844
1744809607,0,1,1,25.75783920288086,-80.37339782714844
1744809608,0,1,1,25.75784683227539,-80.37339782714844
1744809609,0,1,1,25.75785255432129,-80.37339782714844
1744809611,0,1,1,25.75786590576172,-80.37339782714844
1744809612,0,1,1,25.757871627807617,-80.37339782714844
1744809613,0,1,1,25.75787925720215,-80.37339782714844
1744809614,0,1,1,25.75788688659668,-80.37339782714844
1744809615,0,1,1,25.75789451599121,-80.37339782714844
1744809616,0,1,1,25.757902145385742,-80.37339782714844
1744809618,0,1,1,25.757917404174805,-80.3733901977539
1744809619,0,1,1,25.757923126220703,-80.3733901977539
1744809620,0,1,1,25.757930755615234,-80.3733901977539
1744809621,0,1,1,25.757938385009766,-80.3733901977539
1744809622,0,1,1,25.757946014404297,-80.3733901977539
1744809624,0,1,1,25.757953643798828,-80.3733901977539
1744809625,0,1,1,25.75796127319336,-80.3733901977539
1744809626,0,1,1,25.757976531982422,-80.3733901977539
1744809627,0,1,1,25.757984161376953,-80.3733901977539
1744809629,0,1,1,25.757991790771484,-80.3733901977539
1744809630,0,1,1,25.757999420166016,-80.3733901977539
1744809631,0,1,1,25.758007049560547,-80.3733901977539
1744809632,0,1,1,25.758014678955078,-80.3733901977539
1744809633,0,1,1,25.75802230834961,-80.37338256835938
1744809635,0,1,1,25.758039474487305,-80.37338256835938
1744809636,0,1,1,25.758047103881836,-80.37338256835938
1744809637,0,1,1,25.758054733276367,-80.37338256835938
1744809638,0,1,1,25.7580623626709,-80.37338256835938
1744809639,0,1,1,25.75806999206543,-80.37338256835938
1744809640,0,1,1,25.75807762145996,-80.37338256835938
1744809641,0,1,1,25.758085250854492,-80.37338256835938
1744809643,0,1,1,25.758102416992188,-80.37338256835938
1744809644,0,1,1,25.75811004638672,-80.37338256835938
1744809645,0,1,1,25.75811767578125,-80.37337493896484
1744809646,0,1,1,25.75812530517578,-80.37337493896484
1744809647,0,1,1,25.758132934570312,-80.37337493896484
1744809648,0,1,1,25.758140563964844,-80.37337493896484
1744809650,0,1,1,25.75815773010254,-80.37337493896484
1744809651,0,1,1,25.75816535949707,-80.37337493896484
1744809652,0,1,1,25.7581729888916,-80.37337493896484
1744809653,0,1,1,25.758182525634766,-80.37337493896484
1744809654,0,1,1,25.758190155029297,-80.37337493896484
1744809655,0,1,1,25.758197784423828,-80.37337493896484
1744809657,0,1,1,25.75821304321289,-80.37337493896484
1744809658,0,1,1,25.75821876525879,-80.37337493896484
1744809659,0,1,1,25.75822639465332,-80.37336730957031
1744809660,0,1,1,25.75823211669922,-80.37336730957031
1744809661,0,1,1,25.758235931396484,-80.37336730957031
1744809663,0,1,1,25.75824546813965,-80.37337493896484
1744809664,0,1,1,25.758249282836914,-80.37337493896484
1744809665,0,1,1,25.758251190185547,-80.37338256835938
1744809666,0,1,1,25.75825309753418,-80.37338256835938
1744809667,0,1,1,25.75825309753418,-80.3733901977539
1744809668,0,1,1,25.758255004882812,-80.37339782714844
1744809670,0,1,1,25.758258819580078,-80.37340545654297
1744809671,0,1,1,25.758258819580078,-80.3734130859375
1744809672,0,1,1,25.75826072692871,-80.37342071533203
1744809673,0,1,1,25.75826072692871,-80.37342834472656
1744809674,0,1,1,25.75826072692871,-80.3734359741211
1744809675,0,1,1,25.75826072692871,-80.37344360351562
1744809676,0,1,1,25.75826072692871,-80.37345123291016
1744809678,0,1,1,25.758262634277344,-80.37347412109375
1744809679,0,1,1,25.758262634277344,-80.37348175048828
1744809680,0,1,1,25.758262634277344,-80.37348937988281
1744809681,0,1,1,25.758262634277344,-80.37349700927734
1744809682,0,1,1,25.758262634277344,-80.37350463867188
1744809684,0,1,1,25.758262634277344,-80.37351989746094
1744809685,0,1,1,25.758262634277344,-80.37352752685547
1744809687,0,1,1,25.75826072692871,-80.37355041503906
1744809688,0,1,1,25.75826072692871,-80.3735580444336
1744809689,0,1,1,25.75826072692871,-80.37356567382812
1744809690,0,1,1,25.75826072692871,-80.37357330322266
1744809691,0,1,1,25.75826072692871,-80.37358093261719
1744809692,0,1,1,25.758262634277344,-80.37358856201172
1744809693,0,1,1,25.758262634277344,-80.37359619140625
1744809695,0,1,1,25.758262634277344,-80.37361907958984
1744809696,0,1,1,25.758262634277344,-80.37362670898438
1744809697,0,1,1,25.758262634277344,-80.3736343383789
1744809698,0,1,1,25.758262634277344,-80.37364196777344
1744809699,0,1,1,25.758262634277344,-80.37364959716797
1744809700,0,1,1,25.758262634277344,-80.3736572265625
1744809702,0,1,1,25.758262634277344,-80.3736801147461
1744809703,0,1,1,25.758262634277344,-80.37368774414062
1744809704,0,1,1,25.758262634277344,-80.37369537353516
1744809705,0,1,1,25.758262634277344,-80.37370300292969
1744809706,0,1,1,25.758262634277344,-80.37371063232422
1744809708,0,1,1,25.758262634277344,-80.37372589111328
1744809709,0,1,1,25.758262634277344,-80.37374114990234
1744809710,0,1,1,25.758264541625977,-80.37374877929688
1744809711,0,1,1,25.758264541625977,-80.3737564086914
1744809712,0,1,1,25.758264541625977,-80.37376403808594
1744809713,0,1,1,25.758264541625977,-80.373779296875
1744809714,0,1,1,25.758264541625977,-80.37378692626953
1744809716,0,1,1,25.758264541625977,-80.3738021850586
1744809717,0,1,1,25.758264541625977,-80.37380981445312
1744809718,0,1,1,25.758264541625977,-80.37381744384766
1744809719,0,1,1,25.758264541625977,-80.37382507324219
1744809721,0,1,1,25.758264541625977,-80.37384033203125
1744809721,0,1,1,25.75826644897461,-80.37384796142578
1744809723,0,1,1,25.75826644897461,-80.37385559082031
1744809724,0,1,1,25.758268356323242,-80.37386322021484
1744809725,0,1,1,25.758270263671875,-80.37387084960938
1744809726,0,1,1,25.758270263671875,-80.37387084960938
1744809727,0,1,1,25.758270263671875,-80.3738784790039
1744809728,0,1,1,25.758268356323242,-80.37388610839844
1744809730,0,1,1,25.758264541625977,-80.37388610839844
1744809732,0,1,1,25.758258819580078,-80.37388610839844
1744809733,0,1,1,25.758256912231445,-80.37388610839844
1744809734,0,1,1,25.758255004882812,-80.37388610839844
1744809735,0,1,1,25.758251190185547,-80.37388610839844
1744809736,0,1,1,25.75824546813965,-80.37388610839844
1744809737,0,1,1,25.758241653442383,-80.37388610839844
1744809738,0,1,1,25.758235931396484,-80.37388610839844
1744809739,0,1,1,25.758228302001953,-80.37388610839844
1744809740,0,1,1,25.758222579956055,-80.37388610839844
1744809742,0,1,1,25.758207321166992,-80.37388610839844
1744809743,0,1,1,25.758201599121094,-80.37388610839844
1744809744,0,1,1,25.758193969726562,-80.37388610839844
1744809745,0,1,1,25.75818634033203,-80.37388610839844
1744809746,0,1,1,25.7581787109375,-80.37388610839844
1744809747,0,1,1,25.75817108154297,-80.37388610839844
1744809749,0,1,1,25.758155822753906,-80.3738784790039
1744809750,0,1,1,25.758150100708008,-80.3738784790039
1744809751,0,1,1,25.758140563964844,-80.3738784790039
1744809752,0,1,1,25.758132934570312,-80.3738784790039
1744809753,0,1,1,25.75812530517578,-80.3738784790039
1744809754,0,1,1,25.75811767578125,-80.3738784790039
1744809756,0,1,1,25.758102416992188,-80.3738784790039
1744809757,0,1,1,25.758094787597656,-80.3738784790039
1744809758,0,1,1,25.758087158203125,-80.3738784790039
1744809759,0,1,1,25.758079528808594,-80.3738784790039
1744809760,0,1,1,25.758071899414062,-80.3738784790039
1744809761,0,1,1,25.75806427001953,-80.3738784790039
1744809762,0,1,1,25.758056640625,-80.3738784790039
1744809764,0,1,1,25.758041381835938,-80.3738784790039
1744809765,0,1,1,25.758033752441406,-80.3738784790039
1744809766,0,1,1,25.758026123046875,-80.3738784790039
1744809767,0,1,1,25.758018493652344,-80.3738784790039
1744809768,0,1,1,25.758010864257812,-80.3738784790039
1744809769,0,1,1,25.75800323486328,-80.3738784790039
1744809770,0,1,1,25.75799560546875,-80.37388610839844
1744809772,0,1,1,25.757978439331055,-80.37388610839844
1744809773,0,1,1,25.757970809936523,-80.37388610839844
1744809774,0,1,1,25.757965087890625,-80.37388610839844
1744809775,0,1,1,25.757959365844727,-80.37388610839844
1744809776,0,1,1,25.75795555114746,-80.37388610839844
1744809777,0,1,1,25.757949829101562,-80.37388610839844
1744809778,0,1,1,25.757946014404297,-80.37388610839844
1744809779,0,1,1,25.75794219970703,-80.37389373779297
1744809781,0,1,1,25.757932662963867,-80.37389373779297
1744809782,0,1,1,25.757930755615234,-80.37388610839844
1744809783,0,1,1,25.7579288482666,-80.37388610839844
1744809784,0,1,1,25.75792694091797,-80.37388610839844
1744809785,0,1,1,25.75792694091797,-80.3738784790039
1744809786,0,1,1,25.757925033569336,-80.3738784790039
1744809787,0,1,1,25.757925033569336,-80.37387084960938
1744809789,0,1,1,25.757923126220703,-80.37386322021484
1744809790,0,1,1,25.75792121887207,-80.37385559082031
1744809791,0,1,1,25.75792121887207,-80.37385559082031
1744809792,0,1,1,25.75792121887207,-80.37384796142578
1744809793,0,1,1,25.757919311523438,-80.37384033203125
1744809794,0,1,1,25.757919311523438,-80.37383270263672
1744809795,0,1,1,25.757917404174805,-80.37382507324219
1744809797,0,1,1,25.757917404174805,-80.37380981445312
1744809798,0,1,1,25.757915496826172,-80.3738021850586
1744809799,0,1,1,25.757915496826172,-80.37378692626953
1744809800,0,1,1,25.75791358947754,-80.373779296875
1744809801,0,1,1,25.75791358947754,-80.37377166748047
1744809804,0,1,1,25.757909774780273,-80.37374877929688
1744809805,0,1,1,25.757909774780273,-80.37374114990234
1744809806,0,1,1,25.75790786743164,-80.37373352050781
1744809807,0,1,1,25.75790786743164,-80.37371826171875
1744809808,0,1,1,25.757905960083008,-80.37371063232422
1744809809,0,1,1,25.757905960083008,-80.37370300292969
1744809810,0,1,1,25.757904052734375,-80.37369537353516
1744809811,0,1,1,25.757904052734375,-80.37368774414062
1744809813,0,1,1,25.757902145385742,-80.37367248535156
1744809814,0,1,1,25.75790023803711,-80.37366485595703
1744809815,0,1,1,25.75790023803711,-80.37364959716797
1744809816,0,1,1,25.757898330688477,-80.37364196777344
1744809817,0,1,1,25.757898330688477,-80.3736343383789
1744809818,0,1,1,25.757896423339844,-80.37362670898438
1744809820,0,1,1,25.75789451599121,-80.37361145019531
1744809821,0,1,1,25.757892608642578,-80.37360382080078
1744809822,0,1,1,25.757892608642578,-80.37358856201172
1744809823,0,1,1,25.757890701293945,-80.37358093261719
1744809824,0,1,1,25.757890701293945,-80.37357330322266
1744809825,0,1,1,25.757888793945312,-80.37356567382812
1744809827,0,1,1,25.75788688659668,-80.37355041503906
1744809829,0,1,1,25.75788688659668,-80.37354278564453
1744809829,0,1,1,25.757884979248047,-80.37353515625
1744809830,0,1,1,25.757883071899414,-80.37352752685547
1744809832,0,1,1,25.757883071899414,-80.3735122680664
1744809833,0,1,1,25.75788116455078,-80.37350463867188
1744809835,0,1,1,25.75787925720215,-80.37348937988281
1744809836,0,1,1,25.75787925720215,-80.37348175048828
1744809837,0,1,1,25.757877349853516,-80.37347412109375
1744809838,0,1,1,25.757877349853516,-80.37346649169922
1744809839,0,1,1,25.757875442504883,-80.37345886230469
1744809840,0,1,1,25.75787353515625,-80.37344360351562
1744809841,0,1,1,25.75787353515625,-80.3734359741211
1744809843,0,1,1,25.757871627807617,-80.37342071533203
1744809844,0,1,1,25.757869720458984,-80.3734130859375
1744809845,0,1,1,25.757869720458984,-80.37340545654297
1744809847,0,1,1,25.75786781311035,-80.3733901977539
1744809848,0,1,1,25.757869720458984,-80.3733901977539
1744809850,0,1,1,25.757875442504883,-80.37338256835938
1744809852,0,1,1,25.75788116455078,-80.37337493896484
1744809853,0,1,1,25.757883071899414,-80.37337493896484
1744809854,0,1,1,25.75788688659668,-80.37337493896484
1744809855,0,1,1,25.757890701293945,-80.37337493896484
1744809856,0,1,1,25.75789451599121,-80.37337493896484
1744809857,0,1,1,25.75790023803711,-80.37337493896484
1744809858,0,1,1,25.757905960083008,-80.37337493896484
1744809860,0,1,1,25.757919311523438,-80.37337493896484
1744809861,0,1,1,25.757925033569336,-80.37338256835938
1744809862,0,1,1,25.757932662963867,-80.37338256835938
1744809863,0,1,1,25.7579402923584,-80.37338256835938
1744809864,0,1,1,25.75794792175293,-80.37338256835938
1744809865,0,1,1,25.75795555114746,-80.37338256835938
1744809867,0,1,1,25.757970809936523,-80.37338256835938
1744809868,0,1,1,25.757978439331055,-80.37338256835938
1744809869,0,1,1,25.757986068725586,-80.37338256835938
1744809870,0,1,1,25.757993698120117,-80.37338256835938
1744809871,0,1,1,25.75800132751465,-80.37338256835938
1744809872,0,1,1,25.75800895690918,-80.37338256835938
1744809874,0,1,1,25.758026123046875,-80.37338256835938
1744809875,0,1,1,25.758033752441406,-80.37338256835938
1744809876,0,1,1,25.758041381835938,-80.37338256835938
1744809877,0,1,1,25.7580509185791,-80.37338256835938
1744809878,0,1,1,25.758058547973633,-80.37338256835938
1744809880,0,1,1,25.758073806762695,-80.37338256835938
1744809881,0,1,1,25.758081436157227,-80.37338256835938
1744809882,0,1,1,25.758089065551758,-80.37338256835938
1744809883,0,1,1,25.758098602294922,-80.37338256835938
1744809884,0,1,1,25.758106231689453,-80.37338256835938
1744809885,0,1,1,25.758113861083984,-80.37338256835938
1744809886,0,1,1,25.758121490478516,-80.37338256835938
1744809887,0,1,1,25.758129119873047,-80.37338256835938
1744809889,0,1,1,25.758146286010742,-80.37338256835938
1744809891,0,1,1,25.758161544799805,-80.37338256835938
1744809892,0,1,1,25.758169174194336,-80.37338256835938
1744809893,0,1,1,25.7581787109375,-80.37338256835938
1744809894,0,1,1,25.75818634033203,-80.37338256835938
1744809895,0,1,1,25.758193969726562,-80.37338256835938
1744809897,0,1,1,25.758209228515625,-80.37338256835938
1744809898,0,1,1,25.758216857910156,-80.37338256835938
1744809899,0,1,1,25.758222579956055,-80.37338256835938
1744809900,0,1,1,25.758228302001953,-80.37338256835938
1744809901,0,1,1,25.75823211669922,-80.37338256835938
1744809902,0,1,1,25.758237838745117,-80.3733901977539
1744809903,0,1,1,25.758241653442383,-80.3733901977539
1744809905,0,1,1,25.75824546813965,-80.37339782714844
1744809906,0,1,1,25.75824737548828,-80.37340545654297
1744809907,0,1,1,25.758249282836914,-80.37340545654297
1744809908,0,1,1,25.758251190185547,-80.3734130859375
1744809909,0,1,1,25.75825309753418,-80.37342071533203
1744809910,0,1,1,25.75825309753418,-80.37342071533203
1744809911,0,1,1,25.758255004882812,-80.37342834472656
1744809913,0,1,1,25.758255004882812,-80.37344360351562
1744809914,0,1,1,25.758255004882812,-80.37345886230469
1744809915,0,1,1,25.758255004882812,-80.37346649169922
1744809916,0,1,1,25.758255004882812,-80.37347412109375
1744809917,0,1,1,25.758255004882812,-80.37348175048828
1744809919,0,1,1,25.758255004882812,-80.37349700927734
1744809920,0,1,1,25.75825309753418,-80.37350463867188
1744809922,0,1,1,25.75825309753418,-80.37351989746094
1744809923,0,1,1,25.75825309753418,-80.37352752685547
1744809924,0,1,1,25.75825309753418,-80.37354278564453
1744809925,0,1,1,25.758251190185547,-80.37355041503906
1744809927,0,1,1,25.758251190185547,-80.37356567382812
1744809929,0,1,1,25.758251190185547,-80.37357330322266
1744809929,0,1,1,25.758251190185547,-80.37358093261719
1744809930,0,1,1,25.758251190185547,-80.37358856201172
1744809931,0,1,1,25.758249282836914,-80.37359619140625
1744809932,0,1,1,25.758249282836914,-80.37360382080078
1744809934,0,1,1,25.758249282836914,-80.37361907958984
1744809936,0,1,1,25.758249282836914,-80.3736343383789
1744809937,0,1,1,25.758249282836914,-80.37364196777344
1744809938,0,1,1,25.758249282836914,-80.37364959716797
1744809939,0,1,1,25.75824737548828,-80.3736572265625
1744809940,0,1,1,25.75824737548828,-80.37367248535156
1744809942,0,1,1,25.75824737548828,-80.37368774414062
1744809943,0,1,1,25.75824737548828,-80.37369537353516
1744809944,0,1,1,25.75824737548828,-80.37370300292969
1744809945,0,1,1,25.75824737548828,-80.37371063232422
1744809946,0,1,1,25.75824737548828,-80.37371826171875
1744809947,0,1,1,25.75824737548828,-80.37373352050781
1744809949,0,1,1,25.75824737548828,-80.37374877929688
1744809950,0,1,1,25.75824546813965,-80.3737564086914
1744809951,0,1,1,0.0,0.0
1744809952,0,1,1,25.75824546813965,-80.37377166748047
1744809953,0,1,1,25.75824737548828,-80.373779296875
1744809954,0,1,1,25.75824737548828,-80.373779296875
1744809956,0,1,1,25.758251190185547,-80.37379455566406
1744809957,0,1,1,25.75825309753418,-80.37379455566406
1744809958,0,1,1,25.758251190185547,-80.3738021850586
1744809959,0,1,1,25.758249282836914,-80.3738021850586
1744809960,0,1,1,25.75824737548828,-80.37380981445312
1744809961,0,1,1,25.758243560791016,-80.37380981445312
1744809963,0,1,1,25.758237838745117,-80.37380981445312
1744809964,0,1,1,25.758235931396484,-80.37380981445312
1744809965,0,1,1,25.758230209350586,-80.37380981445312
1744809966,0,1,1,25.75822639465332,-80.37380981445312
1744809967,0,1,1,25.758220672607422,-80.37380981445312
1744809968,0,1,1,25.758214950561523,-80.37380981445312
1744809969,0,1,1,25.758209228515625,-80.37380981445312
1744809971,0,1,1,25.758195877075195,-80.3738021850586
1744809972,0,1,1,25.758190155029297,-80.3738021850586
1744809973,0,1,1,25.758182525634766,-80.37379455566406
1744809975,0,1,1,25.758176803588867,-80.37379455566406
1744809975,0,1,1,25.75817108154297,-80.37378692626953
1744809977,0,1,1,25.758159637451172,-80.373779296875
1744809978,0,1,1,0.0,0.0
1744809979,0,1,1,25.75815200805664,-80.37377166748047
1744809980,0,1,1,25.758150100708008,-80.37377166748047
1744809981,0,1,1,25.758148193359375,-80.37376403808594
1744809983,0,1,1,25.75814437866211,-80.3737564086914
1744809984,0,1,1,25.758142471313477,-80.37374877929688
1744809985,0,1,1,25.758140563964844,-80.37374114990234
1744809986,0,1,1,25.758140563964844,-80.37373352050781
1744809987,0,1,1,25.75813865661621,-80.37372589111328
1744809988,0,1,1,25.75813865661621,-80.37371826171875
1744809989,0,1,1,25.75813865661621,-80.37371063232422
1744809991,0,1,1,25.75813865661621,-80.37369537353516
1744809992,0,1,1,25.75813865661621,-80.37368774414062
1744809993,0,1,1,25.75813865661621,-80.3736801147461
1744809994,0,1,1,25.75813865661621,-80.37367248535156
1744809995,0,1,1,25.75813865661621,-80.3736572265625
1744809996,0,1,1,25.75813865661621,-80.37364959716797
1744809997,0,1,1,25.75813865661621,-80.37364196777344
1744809999,0,1,1,25.758136749267578,-80.37362670898438
1744810000,0,1,1,25.758136749267578,-80.37361907958984
1744810001,0,1,1,25.758136749267578,-80.37361145019531
1744810002,0,1,1,25.758136749267578,-80.37360382080078
1744810003,0,1,1,25.758134841918945,-80.37359619140625
1744810004,0,1,1,25.758134841918945,-80.37358856201172
1744810006,0,1,1,25.758132934570312,-80.37356567382812
1744810007,0,1,1,25.758132934570312,-80.3735580444336
1744810008,0,1,1,25.758132934570312,-80.37355041503906
1744810009,0,1,1,25.75813102722168,-80.37354278564453
1744810011,0,1,1,25.75813102722168,-80.37352752685547
1744810012,0,1,1,25.758129119873047,-80.37351989746094
1744810013,0,1,1,25.758129119873047,-80.3735122680664
1744810014,0,1,1,25.758129119873047,-80.37350463867188
1744810015,0,1,1,25.758129119873047,-80.37348937988281
1744810016,0,1,1,25.758127212524414,-80.37348175048828
1744810018,0,1,1,25.758127212524414,-80.37346649169922
1744810019,0,1,1,25.75812530517578,-80.37345886230469
1744810021,0,1,1,25.75812530517578,-80.37344360351562
1744810023,0,1,1,25.75812530517578,-80.3734359741211
1744810023,0,1,1,25.75812530517578,-80.37342834472656
1744810024,0,1,1,25.75812530517578,-80.37342834472656
1744810026,0,1,1,25.758127212524414,-80.3734130859375
1744810027,0,1,1,25.758129119873047,-80.3734130859375
1744810028,0,1,1,25.75813102722168,-80.37340545654297
1744810029,0,1,1,25.758134841918945,-80.37340545654297
1744810030,0,1,1,25.75813865661621,-80.37340545654297
1744810031,0,1,1,25.758142471313477,-80.37340545654297
1744810033,0,1,1,25.758146286010742,-80.37339782714844
1744810034,0,1,1,25.75815773010254,-80.37339782714844
1744810036,0,1,1,25.758163452148438,-80.37339782714844
1744810037,0,1,1,25.75817108154297,-80.37339782714844
1744810038,0,1,1,25.7581787109375,-80.37339782714844
1744810039,0,1,1,25.75818634033203,-80.37339782714844
1744810040,0,1,1,25.758193969726562,-80.37339782714844
1744810042,0,1,1,25.758207321166992,-80.37339782714844
1744810043,0,1,1,25.75821304321289,-80.37339782714844
1744810044,0,1,1,25.75821876525879,-80.37339782714844
1744810045,0,1,1,25.758222579956055,-80.37339782714844
1744810046,0,1,1,25.75822639465332,-80.37340545654297
1744810047,0,1,1,25.758230209350586,-80.37340545654297
1744810049,0,1,1,25.75823211669922,-80.3734130859375
1744810050,0,1,1,25.75823402404785,0.0
1744810051,0,1,1,25.758235931396484,-80.37342834472656
1744810052,0,1,1,25.758235931396484,-80.3734359741211
1744810053,0,1,1,25.758237838745117,-80.37344360351562
1744810054,0,1,1,25.758237838745117,-80.37345123291016
1744810055,0,1,1,25.758237838745117,-80.37345886230469
1744810057,0,1,1,25.758237838745117,-80.37347412109375
1744810058,0,1,1,25.758235931396484,-80.37348175048828
1744810059,0,1,1,25.758235931396484,-80.37348937988281
1744810060,0,1,1,25.758235931396484,-80.37349700927734
1744810061,0,1,1,25.758235931396484,-80.37350463867188
1744810062,0,1,1,25.758235931396484,-80.3735122680664
1744810063,0,1,1,25.758235931396484,-80.37351989746094
1744810065,0,1,1,25.758235931396484,-80.37353515625
1744810066,0,1,1,25.758235931396484,-80.37354278564453
1744810067,0,1,1,25.758235931396484,-80.37355041503906
1744810068,0,1,1,25.758235931396484,-80.3735580444336
1744810069,0,1,1,25.758235931396484,-80.37356567382812
1744810070,0,1,1,25.758235931396484,-80.37357330322266
1744810071,0,1,1,25.758235931396484,-80.37358093261719
1744810072,0,1,1,25.758235931396484,-80.37358856201172
1744810074,0,1,1,25.758237838745117,-80.37360382080078
1744810075,0,1,1,25.758237838745117,-80.37361145019531
1744810076,0,1,1,25.758237838745117,-80.37361907958984
1744810077,0,1,1,25.758237838745117,-80.37362670898438
1744810079,0,1,1,25.758237838745117,-80.37364959716797
1744810080,0,1,1,25.75823974609375,-80.3736572265625
1744810082,0,1,1,25.75823974609375,-80.37367248535156
1744810083,0,1,1,25.75823974609375,-80.3736801147461
1744810084,0,1,1,25.758241653442383,-80.37368774414062
1744810085,0,1,1,25.758241653442383,-80.37369537353516
1744810086,0,1,1,25.758241653442383,-80.37370300292969
1744810087,0,1,1,25.758241653442383,-80.37371826171875
1744810088,0,1,1,25.758241653442383,-80.37372589111328
1744810089,0,1,1,25.758243560791016,-80.37373352050781
1744810091,0,1,1,25.758243560791016,-80.37374877929688
1744810092,0,1,1,25.758243560791016,-80.3737564086914
1744810094,0,1,1,25.758243560791016,-80.37376403808594
1744810095,0,1,1,25.758243560791016,-80.37377166748047
1744810095,0,1,1,25.75824546813965,-80.373779296875
1744810097,0,1,1,25.758251190185547,-80.37379455566406
1744810098,0,1,1,25.75825309753418,-80.37379455566406
1744810099,0,1,1,25.758256912231445,-80.3738021850586
1744810100,0,1,1,25.758258819580078,-80.3738021850586
1744810101,0,1,1,25.75826072692871,-80.37380981445312
1744810102,0,1,1,25.758258819580078,-80.37380981445312
1744810104,0,1,1,25.758255004882812,-80.37381744384766
1744810105,0,1,1,25.75825309753418,-80.37381744384766
1744810106,0,1,1,25.758251190185547,-80.37381744384766
1744810107,0,1,1,25.758249282836914,-80.37381744384766
1744810108,0,1,1,25.75824546813965,-80.37381744384766
1744810109,0,1,1,25.758241653442383,-80.37381744384766
1744810111,0,1,1,25.75823402404785,-80.37381744384766
1744810112,0,1,1,25.758228302001953,-80.37381744384766
1744810113,0,1,1,25.758222579956055,-80.37380981445312
1744810114,0,1,1,25.758216857910156,-80.37380981445312
1744810115,0,1,1,25.758211135864258,-80.37380981445312
1744810116,0,1,1,25.758203506469727,-80.3738021850586
1744810117,0,1,1,25.758195877075195,-80.3738021850586
1744810119,0,1,1,25.758182525634766,-80.37379455566406
1744810120,0,1,1,25.758174896240234,-80.37379455566406
1744810122,0,1,1,25.758167266845703,-80.37379455566406
1744810122,0,1,1,25.758161544799805,-80.37378692626953
1744810124,0,1,1,25.758155822753906,-80.37378692626953
1744810124,0,1,1,25.758150100708008,-80.37378692626953
1744810125,0,1,1,25.758146286010742,-80.37378692626953
1744810127,0,1,1,25.75813865661621,-80.37377166748047
1744810128,0,1,1,25.758136749267578,-80.37377166748047
1744810129,0,1,1,25.758134841918945,-80.37376403808594
1744810130,0,1,1,25.758132934570312,-80.37376403808594
1744810132,0,1,1,0.0,0.0
1744810132,0,1,1,25.75813102722168,-80.37374877929688
1744810133,0,1,1,25.758129119873047,-80.37374114990234
1744810134,0,1,1,25.758129119873047,-80.37373352050781
1744810137,0,1,1,25.758129119873047,-80.37371826171875
1744810138,0,1,1,25.758129119873047,-80.37370300292969
1744810139,0,1,1,25.758129119873047,-80.37369537353516
1744810140,0,1,1,25.758129119873047,-80.37368774414062
1744810141,0,1,1,25.758129119873047,-80.3736801147461
1744810143,0,1,1,25.758129119873047,-80.37366485595703
1744810144,0,1,1,25.758129119873047,-80.3736572265625
1744810145,0,1,1,25.758129119873047,-80.37364959716797
1744810146,0,1,1,25.758129119873047,-80.37364196777344
1744810147,0,1,1,25.758129119873047,-80.3736343383789
1744810149,0,1,1,25.758129119873047,-80.37361907958984
1744810150,0,1,1,25.758129119873047,-80.37361145019531
1744810151,0,1,1,25.758129119873047,-80.37360382080078
1744810152,0,1,1,25.758127212524414,-80.37359619140625
1744810153,0,1,1,25.758127212524414,-80.37358856201172
1744810154,0,1,1,25.758127212524414,-80.37358093261719
1744810155,0,1,1,25.75812530517578,-80.37357330322266
1744810156,0,1,1,25.75812530517578,-80.3735580444336
1744810158,0,1,1,25.75812339782715,-80.37354278564453
1744810159,0,1,1,25.758121490478516,-80.37353515625
1744810160,0,1,1,25.758121490478516,-80.37352752685547
1744810161,0,1,1,25.758121490478516,-80.37351989746094
1744810162,0,1,1,25.758119583129883,-80.3735122680664
1744810164,0,1,1,25.758119583129883,-80.37348937988281
1744810165,0,1,1,25.75811767578125,-80.37348175048828
1744810166,0,1,1,25.75811767578125,-80.37347412109375
1744810167,0,1,1,25.758115768432617,-80.37346649169922
1744810168,0,1,1,25.758115768432617,-80.37345886230469
1744810170,0,1,1,25.758115768432617,-80.37345123291016
1744810170,0,1,1,25.758115768432617,-80.37344360351562
1744810172,0,1,1,25.758115768432617,-80.37342834472656
1744810173,0,1,1,25.75811767578125,-80.37342834472656
1744810174,0,1,1,25.758121490478516,-80.37342071533203
1744810175,0,1,1,25.75812339782715,-80.37342071533203
1744810176,0,1,1,25.758127212524414,-80.37342071533203
1744810177,0,1,1,25.75813102722168,-80.3734130859375
1744810179,0,1,1,25.758142471313477,-80.3734130859375
1744810180,0,1,1,25.758148193359375,-80.37340545654297
1744810181,0,1,1,25.758153915405273,-80.37340545654297
1744810182,0,1,1,25.758161544799805,-80.37340545654297
1744810183,0,1,1,25.758169174194336,-80.37340545654297
1744810184,0,1,1,25.758176803588867,-80.37340545654297
1744810186,0,1,1,25.758190155029297,-80.37340545654297
1744810188,0,1,1,25.758201599121094,-80.37340545654297
1744810189,0,1,1,25.758207321166992,-80.37340545654297
1744810190,0,1,1,25.75821304321289,-80.37340545654297
1744810191,0,1,1,25.758216857910156,-80.37340545654297
1744810192,0,1,1,25.758220672607422,-80.37340545654297
1744810194,0,1,1,25.75822639465332,-80.3734130859375
1744810195,0,1,1,25.758228302001953,-80.37342071533203
1744810196,0,1,1,25.758230209350586,-80.37342071533203
1744810197,0,1,1,25.758230209350586,-80.37342834472656
1744810198,0,1,1,25.75823211669922,-80.37342834472656
1744810199,0,1,1,25.75823402404785,-80.3734359741211
1744810200,0,1,1,25.758235931396484,-80.37344360351562
1744810202,0,1,1,25.758235931396484,-80.37345886230469
1744810203,0,1,1,25.758235931396484,-80.37346649169922
1744810204,0,1,1,25.758237838745117,-80.37347412109375
1744810205,0,1,1,25.758237838745117,-80.37348175048828
1744810206,0,1,1,25.758237838745117,-80.37348937988281
1744810208,0,1,1,25.758237838745117,-80.37350463867188
1744810209,0,1,1,25.75823974609375,-80.3735122680664
1744810210,0,1,1,25.75823974609375,-80.37351989746094
1744810211,0,1,1,25.75823974609375,-80.37352752685547
1744810212,0,1,1,25.75823974609375,-80.37353515625
1744810213,0,1,1,25.75823974609375,-80.37355041503906
1744810214,0,1,1,25.75823974609375,-80.3735580444336
1744810216,0,1,1,25.758241653442383,-80.37357330322266
1744810217,0,1,1,25.758241653442383,-80.37358093261719
1744810218,0,1,1,25.758241653442383,-80.37358856201172
1744810219,0,1,1,25.758241653442383,-80.37359619140625
1744810220,0,1,1,25.758241653442383,-80.37360382080078
1744810221,0,1,1,25.758243560791016,-80.37361145019531
1744810222,0,1,1,25.758243560791016,-80.37362670898438
1744810224,0,1,1,25.758243560791016,-80.37364196777344
1744810225,0,1,1,25.758243560791016,-80.37364959716797
1744810226,0,1,1,25.75824546813965,-80.3736572265625
1744810227,0,1,1,25.75824546813965,-80.37366485595703
1744810228,0,1,1,25.75824546813965,-80.37367248535156
1744810229,0,1,1,25.75824546813965,-80.3736801147461
1744810231,0,1,1,25.75824737548828,-80.37370300292969
1744810232,0,1,1,25.75824737548828,-80.37371063232422
1744810233,0,1,1,25.75824737548828,-80.37371826171875
1744810234,0,1,1,25.758249282836914,-80.37372589111328
1744810236,0,1,1,25.758249282836914,-80.37373352050781
1744810236,0,1,1,25.758249282836914,-80.37374114990234
1744810237,0,1,1,25.758249282836914,-80.37374877929688
1744810240,0,1,1,25.758251190185547,-80.37377166748047
1744810241,0,1,1,25.758251190185547,-80.373779296875
1744810242,0,1,1,25.758251190185547,-80.37378692626953
1744810243,0,1,1,25.75825309753418,-80.37379455566406
1744810244,0,1,1,25.75825309753418,-80.3738021850586
1744810245,0,1,1,25.75825309753418,-80.37380981445312
1744810247,0,1,1,25.758255004882812,-80.37383270263672
1744810248,0,1,1,25.758255004882812,-80.37384033203125
1744810249,0,1,1,25.758255004882812,-80.37384796142578
1744810250,0,1,1,25.758255004882812,-80.37385559082031
1744810251,0,1,1,25.758256912231445,-80.37386322021484
1744810252,0,1,1,25.758256912231445,-80.3738784790039
1744810254,0,1,1,25.758256912231445,-80.37388610839844
1744810255,0,1,1,25.758258819580078,-80.37389373779297
1744810256,0,1,1,25.758258819580078,-80.3739013671875
1744810257,0,1,1,25.758258819580078,-80.37390899658203
1744810258,0,1,1,25.75826072692871,-80.37391662597656
1744810259,0,1,1,25.75826072692871,-80.37391662597656
1744810260,0,1,1,25.758256912231445,-80.3739242553711
1744810261,0,1,1,25.758255004882812,-80.3739242553711
1744810263,0,1,1,25.758249282836914,-80.37393188476562
1744810264,0,1,1,25.75824546813965,-80.37393188476562
1744810265,0,1,1,25.758241653442383,-80.37393188476562
1744810266,0,1,1,25.758237838745117,-80.37393188476562
1744810267,0,1,1,25.75823402404785,-80.37393188476562
1744810268,0,1,1,25.758228302001953,-80.37393188476562
1744810270,0,1,1,25.758214950561523,-80.37393951416016
1744810271,0,1,1,25.758209228515625,-80.37393951416016
1744810272,0,1,1,25.758201599121094,-80.37393188476562
1744810273,0,1,1,25.758195877075195,-80.37393188476562
1744810274,0,1,1,25.758188247680664,-80.37393188476562
1744810275,0,1,1,25.758180618286133,-80.37393188476562
1744810276,0,1,1,25.7581729888916,-80.37393188476562
1744810278,0,1,1,25.75815773010254,-80.37393188476562
1744810279,0,1,1,25.75815200805664,-80.37393188476562
1744810280,0,1,1,25.758142471313477,-80.37393188476562
1744810281,0,1,1,25.758134841918945,-80.37393188476562
1744810282,0,1,1,25.758127212524414,-80.37393188476562
1744810283,0,1,1,25.758119583129883,-80.37393188476562
1744810284,0,1,1,25.75811195373535,-80.37393188476562
1744810286,0,1,1,25.75809669494629,-80.37393188476562
1744810287,0,1,1,25.758089065551758,-80.37393188476562
1744810288,0,1,1,25.758081436157227,-80.37393188476562
1744810289,0,1,1,25.758073806762695,-80.3739242553711
1744810290,0,1,1,25.758066177368164,-80.3739242553711
1744810292,0,1,1,25.75804901123047,-80.3739242553711
1744810293,0,1,1,25.758041381835938,-80.3739242553711
1744810294,0,1,1,25.758033752441406,-80.3739242553711
1744810295,0,1,1,25.758026123046875,-80.3739242553711
1744810296,0,1,1,25.75801658630371,-80.3739242553711
1744810297,0,1,1,25.75800895690918,-80.3739242553711
1744810299,0,1,1,25.757993698120117,-80.3739242553711
1744810300,0,1,1,25.757984161376953,-80.3739242553711
1744810301,0,1,1,25.757976531982422,-80.3739242553711
1744810302,0,1,1,25.757970809936523,-80.3739242553711
1744810303,0,1,1,25.757965087890625,-80.3739242553711
1744810304,0,1,1,25.757959365844727,-80.3739242553711
1744810305,0,1,1,25.757953643798828,-80.3739242553711
1744810307,0,1,1,25.757946014404297,-80.3739242553711
1744810308,0,1,1,25.7579402923584,-80.37393188476562
1744810309,0,1,1,25.757936477661133,-80.37393188476562
1744810310,0,1,1,25.757932662963867,-80.3739242553711
1744810311,0,1,1,25.757930755615234,-80.3739242553711
1744810312,0,1,1,25.757930755615234,-80.3739242553711
1744810313,0,1,1,25.7579288482666,-80.37391662597656
1744810314,0,1,1,25.7579288482666,-80.37391662597656
1744810316,0,1,1,25.75792694091797,-80.37390899658203
1744810317,0,1,1,25.757925033569336,-80.3739013671875
1744810318,0,1,1,25.757925033569336,-80.3739013671875
1744810319,0,1,1,25.757925033569336,-80.37389373779297
1744810320,0,1,1,25.757925033569336,-80.37388610839844
1744810321,0,1,1,25.757923126220703,-80.3738784790039
1744810322,0,1,1,25.757923126220703,-80.37387084960938
1744810324,0,1,1,25.757923126220703,-80.37385559082031
1744810325,0,1,1,25.75792121887207,-80.37384796142578
1744810326,0,1,1,25.75792121887207,-80.37384033203125
1744810327,0,1,1,25.75792121887207,-80.37383270263672
1744810328,0,1,1,25.75792121887207,-80.37381744384766
1744810329,0,1,1,25.757919311523438,-80.37380981445312
1744810330,0,1,1,25.757919311523438,-80.3738021850586
1744810332,0,1,1,25.757917404174805,-80.37378692626953
1744810333,0,1,1,25.757917404174805,-80.373779296875
1744810334,0,1,1,25.757917404174805,-80.37377166748047
1744810335,0,1,1,0.0,0.0
1744810336,0,1,1,25.757915496826172,-80.3737564086914
1744810338,0,1,1,25.757915496826172,-80.37374114990234
1744810338,0,1,1,25.75791358947754,-80.37373352050781
1744810341,0,1,1,25.757911682128906,-80.37371826171875
1744810342,0,1,1,25.757911682128906,-80.37371063232422
1744810343,0,1,1,25.757911682128906,-80.37370300292969
1744810344,0,1,1,25.757909774780273,-80.37369537353516
1744810345,0,1,1,25.757909774780273,-80.37368774414062
1744810346,0,1,1,25.75790786743164,-80.37367248535156
1744810347,0,1,1,25.75790786743164,0.0
1744810349,0,1,1,25.757905960083008,-80.37364959716797
1744810350,0,1,1,25.757904052734375,-80.37364196777344
1744810351,0,1,1,25.757904052734375,-80.3736343383789
1744810352,0,1,1,25.757902145385742,-80.37362670898438
1744810353,0,1,1,25.757902145385742,-80.37361145019531
1744810354,0,1,1,25.757902145385742,-80.37360382080078
1744810355,0,1,1,25.75790023803711,-80.37359619140625
1744810356,0,1,1,25.75790023803711,-80.37358856201172
1744810358,0,1,1,25.757898330688477,-80.37357330322266
1744810359,0,1,1,25.757896423339844,-80.37356567382812
1744810360,0,1,1,25.757896423339844,-80.3735580444336
1744810361,0,1,1,25.75789451599121,-80.37355041503906
1744810362,0,1,1,25.75789451599121,-80.37353515625
1744810364,0,1,1,25.757892608642578,-80.37351989746094
1744810365,0,1,1,25.757892608642578,-80.3735122680664
1744810366,0,1,1,25.757890701293945,-80.37350463867188
1744810367,0,1,1,25.757890701293945,-80.37349700927734
1744810368,0,1,1,25.757890701293945,-80.37348937988281
1744810369,0,1,1,25.757888793945312,-80.37347412109375
1744810370,0,1,1,25.757888793945312,-80.37346649169922
1744810372,0,1,1,25.75788688659668,-80.37345123291016
1744810373,0,1,1,25.75788688659668,-80.37344360351562
1744810374,0,1,1,25.75788688659668,0.0
1744810375,0,1,1,25.75788688659668,-80.3734359741211
1744810376,0,1,1,25.75788688659668,-80.37342834472656
1744810377,0,1,1,25.757888793945312,-80.37342071533203
1744810378,0,1,1,25.757890701293945,-80.37342071533203
1744810380,0,1,1,25.757896423339844,-80.3734130859375
1744810381,0,1,1,25.75790023803711,-80.3734130859375
1744810382,0,1,1,25.757902145385742,-80.3734130859375
1744810383,0,1,1,25.757905960083008,-80.3734130859375
1744810384,0,1,1,25.757909774780273,-80.3734130859375
1744810385,0,1,1,25.757915496826172,-80.3734130859375
1744810386,0,1,1,25.757919311523438,-80.3734130859375
1744810388,0,1,1,25.757930755615234,-80.3734130859375
1744810389,0,1,1,25.757936477661133,-80.3734130859375
1744810390,0,1,1,25.757944107055664,-80.37342071533203
1744810391,0,1,1,25.757949829101562,-80.37342071533203
1744810392,0,1,1,25.75795555114746,-80.37342071533203
1744810394,0,1,1,25.757963180541992,-80.37342834472656
1744810395,0,1,1,25.757966995239258,-80.37342834472656
1744810396,0,1,1,25.75796890258789,-80.3734359741211
1744810397,0,1,1,25.757970809936523,-80.3734359741211
1744810398,0,1,1,25.757972717285156,-80.37344360351562
1744810399,0,1,1,25.75797462463379,-80.37345123291016
1744810401,0,1,1,25.757976531982422,-80.37346649169922
1744810402,0,1,1,25.757978439331055,-80.37347412109375
1744810403,0,1,1,25.757980346679688,-80.37348175048828
1744810404,0,1,1,25.757980346679688,-80.37348937988281
1744810405,0,1,1,25.75798225402832,-80.37349700927734
1744810407,0,1,1,25.757984161376953,-80.3735122680664
1744810408,0,1,1,25.757984161376953,-80.37351989746094
1744810409,0,1,1,25.757986068725586,-80.37352752685547
1744810410,0,1,1,25.75798797607422,-80.37353515625
1744810411,0,1,1,25.75798797607422,-80.37354278564453
1744810412,0,1,1,25.75798988342285,-80.37355041503906
1744810413,0,1,1,25.757991790771484,-80.3735580444336
1744810415,0,1,1,25.757993698120117,-80.37357330322266
1744810416,0,1,1,25.75799560546875,-80.37358093261719
1744810417,0,1,1,25.75799560546875,-80.37358856201172
1744810418,0,1,1,25.757997512817383,-80.37359619140625
1744810419,0,1,1,25.757999420166016,-80.37360382080078
1744810420,0,1,1,25.757999420166016,-80.37361145019531
1744810421,0,1,1,25.75800132751465,-80.37361907958984
1744810423,0,1,1,25.75800323486328,-80.3736343383789
1744810424,0,1,1,25.758005142211914,-80.37364196777344
1744810425,0,1,1,25.758007049560547,-80.37364959716797
1744810426,0,1,1,25.758007049560547,-80.3736572265625
1744810427,0,1,1,25.75800895690918,-80.37366485595703
1744810428,0,1,1,25.758010864257812,-80.37367248535156
1744810430,0,1,1,25.758012771606445,-80.37368774414062
1744810431,0,1,1,25.758014678955078,-80.37370300292969
1744810432,0,1,1,25.75801658630371,-80.37371063232422
1744810433,0,1,1,25.758018493652344,-80.37371826171875
1744810434,0,1,1,25.758018493652344,-80.37372589111328
1744810435,0,1,1,25.758020401000977,-80.37373352050781
1744810437,0,1,1,25.758024215698242,-80.37374877929688
1744810438,0,1,1,25.758026123046875,-80.3737564086914
1744810440,0,1,1,25.758028030395508,-80.37376403808594
1744810440,0,1,1,25.758028030395508,-80.37377166748047
1744810441,0,1,1,25.75802993774414,-80.37378692626953
1744810443,0,1,1,25.758031845092773,-80.37379455566406
1744810445,0,1,1,25.75803565979004,-80.37380981445312
1744810446,0,1,1,0.0,0.0
1744810447,0,1,1,25.758037567138672,-80.37382507324219
1744810448,0,1,1,25.758039474487305,-80.37383270263672
1744810449,0,1,1,25.758039474487305,-80.37384033203125
1744810450,0,1,1,25.758041381835938,-80.37384796142578
1744810452,0,1,1,25.75804328918457,-80.37386322021484
1744810453,0,1,1,25.758045196533203,-80.37387084960938
1744810454,0,1,1,25.758047103881836,-80.37387084960938
1744810455,0,1,1,25.75804901123047,-80.3738784790039
1744810457,0,1,1,25.7580509185791,-80.37388610839844
1744810458,0,1,1,25.758052825927734,-80.37389373779297
1744810459,0,1,1,25.7580509185791,-80.37389373779297
1744810461,0,1,1,25.758045196533203,-80.3739013671875
1744810463,0,1,1,25.758039474487305,-80.3739013671875
1744810464,0,1,1,25.758037567138672,-80.3739013671875
1744810465,0,1,1,25.758033752441406,-80.3739013671875
1744810466,0,1,1,25.75802993774414,-80.3739013671875
1744810467,0,1,1,25.758026123046875,-80.3739013671875
1744810468,0,1,1,25.75802230834961,-80.37389373779297
1744810469,0,1,1,25.75801658630371,-80.37389373779297
1744810471,0,1,1,25.758005142211914,-80.37388610839844
1744810472,0,1,1,25.757999420166016,-80.37388610839844
1744810473,0,1,1,25.757993698120117,-80.37388610839844
1744810474,0,1,1,25.75798797607422,-80.3738784790039
1744810475,0,1,1,25.75798225402832,-80.3738784790039
1744810477,0,1,1,25.75797462463379,-80.37387084960938
1744810478,0,1,1,25.757972717285156,-80.37386322021484
1744810479,0,1,1,25.757970809936523,-80.37386322021484
1744810480,0,1,1,25.75796890258789,-80.37385559082031
1744810481,0,1,1,25.757966995239258,-80.37384796142578
1744810482,0,1,1,25.757965087890625,-80.37384033203125
1744810483,0,1,1,25.757965087890625,-80.37383270263672
1744810485,0,1,1,25.757963180541992,-80.37381744384766
1744810486,0,1,1,25.75796127319336,-80.37380981445312
1744810487,0,1,1,25.75796127319336,-80.3738021850586
1744810488,0,1,1,25.757959365844727,-80.37379455566406
1744810489,0,1,1,25.757959365844727,-80.37378692626953
1744810491,0,1,1,25.75795555114746,-80.37377166748047
1744810492,0,1,1,25.75795555114746,-80.37376403808594
1744810493,0,1,1,25.757953643798828,-80.3737564086914
1744810494,0,1,1,25.757951736450195,-80.37374877929688
1744810495,0,1,1,25.757951736450195,-80.37374114990234
1744810496,0,1,1,25.757949829101562,-80.37373352050781
1744810497,0,1,1,25.75794792175293,-80.37372589111328
1744810498,0,1,1,25.75794792175293,-80.37371826171875
1744810500,0,1,1,25.757944107055664,-80.37370300292969
1744810501,0,1,1,25.75794219970703,-80.37369537353516
1744810502,0,1,1,25.75794219970703,-80.37368774414062
1744810503,0,1,1,25.7579402923584,-80.37367248535156
1744810504,0,1,1,25.757938385009766,-80.37366485595703
1744810505,0,1,1,25.757936477661133,-80.3736572265625
1744810507,0,1,1,25.757932662963867,-80.37364196777344
1744810508,0,1,1,25.757930755615234,-80.3736343383789
1744810509,0,1,1,25.7579288482666,-80.37362670898438
1744810510,0,1,1,25.7579288482666,-80.37361907958984
1744810511,0,1,1,25.75792694091797,-80.37361145019531
1744810512,0,1,1,25.757925033569336,-80.37360382080078
1744810513,0,1,1,25.757923126220703,-80.37358856201172
1744810515,0,1,1,25.757919311523438,-80.37357330322266
1744810516,0,1,1,25.757917404174805,-80.37356567382812
1744810518,0,1,1,25.75791358947754,-80.37355041503906
1744810519,0,1,1,25.757911682128906,-80.37354278564453
1744810521,0,1,1,25.75790786743164,-80.37351989746094
1744810522,0,1,1,25.75790786743164,-80.3735122680664
1744810523,0,1,1,25.757905960083008,-80.37350463867188
1744810524,0,1,1,25.757904052734375,-80.37349700927734
1744810525,0,1,1,25.757902145385742,-80.37348937988281
1744810526,0,1,1,25.75790023803711,-80.37348175048828
1744810528,0,1,1,25.757896423339844,-80.37346649169922
1744810529,0,1,1,25.75789451599121,-80.37345886230469
1744810531,0,1,1,25.75789451599121,-80.37345123291016
1744810531,0,1,1,25.757892608642578,-80.37344360351562
1744810532,0,1,1,25.757892608642578,-80.3734359741211
1744810533,0,1,1,25.75789451599121,-80.3734359741211
1744810535,0,1,1,25.75790023803711,-80.37342834472656
1744810536,0,1,1,25.757904052734375,-80.37342071533203
1744810537,0,1,1,25.757905960083008,-80.37342071533203
1744810539,0,1,1,25.757909774780273,-80.37342071533203
1744810539,0,1,1,25.75791358947754,-80.37342071533203
1744810540,0,1,1,25.757917404174805,-80.37342071533203
1744810541,0,1,1,25.757923126220703,-80.37342071533203
1744810544,0,1,1,25.7579345703125,-80.37342071533203
1744810545,0,1,1,25.7579402923584,-80.37342071533203
1744810546,0,1,1,25.757946014404297,-80.37342071533203
1744810547,0,1,1,25.757951736450195,-80.37342834472656
1744810548,0,1,1,25.757957458496094,-80.37342834472656
1744810549,0,1,1,25.75796127319336,-80.37342834472656
1744810550,0,1,1,25.757965087890625,-80.37342834472656
1744810552,0,1,1,25.757970809936523,-80.3734359741211
1744810553,0,1,1,25.757972717285156,-80.3734359741211
1744810554,0,1,1,25.75797462463379,-80.37344360351562
1744810555,0,1,1,25.757976531982422,-80.37344360351562
1744810556,0,1,1,25.757978439331055,-80.37345123291016
1744810557,0,1,1,25.757980346679688,-80.37345886230469
1744810558,0,1,1,25.757980346679688,-80.37346649169922
1744810560,0,1,1,25.757984161376953,-80.37348175048828
1744810561,0,1,1,25.757984161376953,-80.37348937988281
1744810563,0,1,1,25.75798797607422,-80.37350463867188
1744810564,0,1,1,25.75798797607422,-80.3735122680664
1744810565,0,1,1,25.75798988342285,-80.37351989746094
1744810566,0,1,1,25.757991790771484,-80.37352752685547
1744810567,0,1,1,25.757991790771484,-80.37353515625
1744810569,0,1,1,25.75799560546875,-80.37355041503906
1744810570,0,1,1,25.75799560546875,-80.3735580444336
1744810571,0,1,1,25.757997512817383,-80.37356567382812
1744810572,0,1,1,25.757999420166016,-80.37357330322266
1744810573,0,1,1,25.757999420166016,-80.37358093261719
1744810574,0,1,1,25.75800132751465,-80.37358856201172
1744810575,0,1,1,25.75800323486328,-80.37359619140625
1744810577,0,1,1,25.758005142211914,-80.37361145019531
1744810578,0,1,1,25.758007049560547,-80.37361907958984
1744810579,0,1,1,25.758007049560547,-80.37362670898438
1744810580,0,1,1,25.75800895690918,-80.3736343383789
1744810581,0,1,1,25.758010864257812,-80.37364196777344
1744810582,0,1,1,25.758010864257812,-80.37364959716797
1744810584,0,1,1,25.758014678955078,-80.37366485595703
1744810585,0,1,1,25.75801658630371,-80.37367248535156
1744810586,0,1,1,25.75801658630371,-80.3736801147461
1744810587,0,1,1,25.758018493652344,-80.37368774414062
1744810588,0,1,1,25.758020401000977,-80.37369537353516
1744810589,0,1,1,25.75802230834961,-80.37370300292969
1744810591,0,1,1,25.758024215698242,-80.37371826171875
1744810592,0,1,1,25.758026123046875,-80.37372589111328
1744810594,0,1,1,25.758028030395508,-80.37374114990234
1744810595,0,1,1,25.75802993774414,-80.37374877929688
1744810596,0,1,1,25.758031845092773,-80.37376403808594
1744810597,0,1,1,25.758031845092773,-80.37377166748047
1744810598,0,1,1,25.758033752441406,-80.373779296875
1744810599,0,1,1,25.75803565979004,-80.37378692626953
1744810601,0,1,1,25.758039474487305,-80.3738021850586
1744810602,0,1,1,25.758041381835938,-80.37380981445312
1744810603,0,1,1,25.758041381835938,-80.37381744384766
1744810604,0,1,1,25.75804328918457,-80.37382507324219
1744810605,0,1,1,25.758045196533203,-80.37383270263672
1744810606,0,1,1,25.758045196533203,-80.37384033203125
1744810607,0,1,1,25.758047103881836,-80.37384796142578
1744810609,0,1,1,25.75804901123047,-80.37385559082031
1744810610,0,1,1,25.7580509185791,-80.37387084960938
