stamp_sec,stamp_nsec,pos_x,pos_y,pos_z,ori_x,ori_y,ori_z,ori_w
1744809445,993635027,-0.049032704473870356,-0.00023106289579987406,0.0,0.0,0.0,-0.9999972241748258,0.00235619240369066
1744809446,993516050,-0.09806540894774071,-0.0004621257915997481,0.0,0.0,0.0,-0.999996573055755,0.002617990975192712
1744809449,955342623,-2.0096287674564937,0.04669344744809423,0.0,0.0,0.0,0.999891249735057,0.014747498203618318
1744809452,906084198,-4.704604212290404,0.21121046829017986,0.0,0.0,0.0,0.9995853681790434,0.028793952878447833
1744809453,985809726,-5.603093708177963,0.26333172863296544,0.0,0.0,0.0,0.9995803274618023,0.02896841299340049
1744809456,27408359,-7.3995401768006746,0.37619717302674605,0.0,0.0,0.0,0.9994502159259128,0.03315517886615038
1744809457,900027480,-9.196296902529259,0.4842030457795573,0.0,0.0,0.0,0.9995494437396093,0.03001515483614337
1744809458,947061463,-10.09450117712146,0.54102804999686,0.0,0.0,0.0,0.9995010629176166,0.031585205817827644
1744809460,66992547,-9.196296902529259,0.4842030457795573,0.0,0.0,0.0,0.9995494437396093,0.03001515483614337
1744809461,887234770,-10.992545015356496,0.6003612016042353,0.0,0.0,0.0,0.999478768718314,0.032282981295461165
1744809465,51018077,-13.6854849307017,0.794810818076563,0.0,0.0,0.0,0.9991978934544445,0.04004459659180682
1744809466,28279926,-14.58321520459171,0.8586884772491681,0.0,0.0,0.0,0.99936932164741,0.03550998380731319
1744809468,801434971,-17.277393093756608,1.035903894588885,0.0,0.0,0.0,0.9994645874620061,0.03271908326041701
1744809470,70454804,-18.175055982913296,1.1007216192548073,0.0,0.0,0.0,0.9993505916779402,0.03603324732730866
1744809471,90768994,-19.0730773043424,1.1603681301227844,0.0,0.0,0.0,0.9994502159323798,0.033155178671202094
1744809474,966243615,-22.661112198439778,1.4522062083408727,0.0,0.0,0.0,0.9990058896821549,0.0445783846765029
1744809476,16191829,-23.556599588718566,1.5422191732497448,0.0,0.0,0.0,0.9987457106788127,0.05007000499973417
1744809477,71693921,-24.44259730329637,1.7003585097947957,0.0,0.0,0.0,0.9961028825092437,0.08819890847836939
1744809477,868143025,-25.320578392689406,1.8982200944144967,0.0,0.0,0.0,0.9938648156993081,0.11060166416008589
1744809478,934657880,-26.192068374932344,2.122953738647408,0.0,0.0,0.0,0.9920489409530542,0.1258526867171445
1744809480,2002044,-27.060418269967833,2.359530279732645,0.0,0.0,0.0,0.9911693136659597,0.13260238175444058
1744809481,97880043,-27.94879062618495,2.503733458301099,0.0,0.0,0.0,0.9967648659028864,0.08037289407257228
1744809482,981859012,-29.44735307167244,1.5065822175283832,0.0,0.0,0.0,-0.9572185466071716,0.2893659517483943
1744809483,798180079,-30.024175568320306,0.8157307086200498,0.0,0.0,0.0,-0.9057907830079464,0.42372521451744105
1744809484,899388151,-30.18514610487176,0.49301481074176656,0.0,0.0,0.0,-0.8503981381542179,0.5261397215795817
1744809486,833490544,-29.89804709745234,2.2656178879336473,0.0,0.0,0.0,-0.7386906631988394,0.6740445861386759
1744809487,940904865,-29.903227924134455,2.8713962408008262,0.0,0.0,0.0,-0.704076688205199,0.7101239449039858
1744809488,777537965,-29.935512636519395,3.2797896380077445,0.0,0.0,0.0,-0.6786725611530449,0.7344409811128234
1744809491,14898886,-29.62858062352714,1.776543375136888,0.0,0.0,0.0,-0.632434964958222,0.7746134617332004
1744809491,856464881,-29.404759701834994,0.9048185360891075,0.0,0.0,0.0,-0.6129070431185826,0.7901550205470038
1744809492,988866266,-29.144631060177403,0.043230995679325424,0.0,0.0,0.0,-0.5962248635942701,0.8028174836362211
1744809493,834261677,-28.865768888951017,-0.8124768338155943,0.0,0.0,0.0,-0.5874321846314667,0.8092733953733451
1744809494,977297200,-29.144631060177403,0.04323099567932532,0.0,0.0,0.0,-0.5962248635942701,0.8028174836362211
1744809495,829684665,-28.877893636631146,-0.8163335143371737,0.0,0.0,0.0,-0.5931378781314688,0.8051008989721095
1744809497,842074656,-28.337821756861903,-2.5334014700927154,0.0,0.0,0.0,-0.591591103210175,0.8062381574960144
1744809501,18814733,-27.503775312226246,-5.10134887903741,0.0,0.0,0.0,-0.5870790167171446,0.8095296338803358
1744809501,888474667,-27.226407057235146,-5.957542111388141,0.0,0.0,0.0,-0.5881381852974221,0.8087604558798948
1744809504,817970294,-26.4089689225641,-8.530796858547298,0.0,0.0,0.0,-0.5929973526695751,0.805204408660854
1744809508,80459463,-25.68569004279412,-10.927923813408295,0.0,0.0,0.0,-0.5962949205599997,0.8027654500003993
1744809508,968665027,-25.47210679988716,-11.649894027302459,0.0,0.0,0.0,-0.5984644254914243,0.8011493814646675
1744809511,50883008,-25.021343098598365,-13.291048785394233,0.0,0.0,0.0,-0.6060578049011337,0.7954206039061468
1744809514,47517201,-24.73934482338386,-14.284666103576146,0.0,0.0,0.0,-0.6011875794003017,0.7991079366235866
1744809517,47395005,-24.221151723348814,-15.975386178934365,0.0,0.0,0.0,-0.5923647632004185,0.8056698997222821
1744809520,47434653,-23.46789643642956,-18.56810806181921,0.0,0.0,0.0,-0.6025117231119853,0.7981100322089846
1744809521,847371689,-22.972202238452574,-20.29850860882142,0.0,0.0,0.0,-0.6021634245925542,0.7983728515442939
1744809524,849487601,-22.200998270206444,-22.88601039294536,0.0,0.0,0.0,-0.5967151651732058,0.8024531211555687
1744809526,47781441,-21.94643890261605,-23.749259793971493,0.0,0.0,0.0,-0.5988139353058233,0.8008881762665455
1744809529,46792341,-21.181706952402795,-26.338694246270844,0.0,0.0,0.0,-0.5994427666796008,0.8004176219171499
1744809529,947043969,-20.973745077906194,-27.214337928801505,0.0,0.0,0.0,-0.6200529213540297,0.7845599879679905
1744809530,847077821,-20.792621054899534,-28.095924049546316,0.0,0.0,0.0,-0.6319616624242943,0.7749996498230965
1744809532,46549389,-20.666276474895703,-28.98701161376414,0.0,0.0,0.0,-0.6555978696308721,0.7551102127076961
1744809533,846578417,-20.138505409973934,-30.707900251367207,0.0,0.0,0.0,-0.5944719727713155,0.8041163308809121
1744809535,46425969,-19.63419046346722,-31.453330620167627,0.0,0.0,0.0,-0.4688550199352592,0.8832751384939507
1744809535,947250069,-18.968628188026578,-32.05915803578223,0.0,0.0,0.0,-0.36089220040166275,0.9326075378685539
1744809536,848543405,-18.202650656016196,-32.53168149599906,0.0,0.0,0.0,-0.2728679656187206,0.9620514920414087
1744809538,46332201,-17.379694855496584,-32.896021653531996,0.0,0.0,0.0,-0.2068872471774412,0.9783647923731416
1744809539,846983369,-15.646679779881989,-33.38249749845396,0.0,0.0,0.0,-0.13640719717225375,0.990652853707902
1744809541,947086245,-13.864993048835856,-33.6386076162044,0.0,0.0,0.0,-0.07132334227903309,0.9974532474487954
1744809542,846997505,-12.969242524361142,-33.72596319933035,0.0,0.0,0.0,-0.048588267475492025,0.9988188926245488
1744809544,45986973,-12.560577945060187,-33.75461147463002,0.0,0.0,0.0,-0.034986696549133646,0.999387778124477
1744809545,845901389,-12.574791454467645,-33.75387341677486,0.0,0.0,0.0,-0.013525875580409703,0.9999085211607026
1744809548,847214561,-10.465114067637941,-33.842161161005784,0.0,0.0,0.0,-0.022687319756639537,0.9997426096362303
1744809551,847073813,-8.260750915777187,-33.99497991394939,0.0,0.0,0.0,-0.0360332333736359,0.9993505921810629
1744809553,947131557,-6.467681070619204,-34.15201082305715,0.0,0.0,0.0,-0.047978115013053865,0.9988483871338003
1744809556,946781829,-3.7833770699159324,-34.44267146261911,0.0,0.0,0.0,-0.05460162440921937,0.9985082186000647
1744809559,45327957,-1.9932884398771131,-34.63097525046055,0.0,0.0,0.0,-0.05547296599739756,0.9984601895135587
1744809562,45033573,0.6913194226839137,-34.91882483163956,0.0,0.0,0.0,-0.054514487485033264,0.9985129797124543
1744809565,44844105,3.37420037406448,-35.22228710208252,0.0,0.0,0.0,-0.054253075522651496,0.9985272173538052
1744809568,44245125,6.056003455823607,-35.534954096024094,0.0,0.0,0.0,-0.06122273206604481,0.9981241290933555
1744809568,947126889,6.947909371808522,-35.65538597316262,0.0,0.0,0.0,-0.06705753754585657,0.997749110076419
1744809571,947816781,9.627600039129323,-35.98567663629879,0.0,0.0,0.0,-0.06296469358900253,0.9980157550666438
1744809574,44671401,11.415215393134885,-36.19630576073478,0.0,0.0,0.0,-0.060874317627570354,0.9981454390284903
1744809577,44833773,14.099235699277369,-36.48962164275709,0.0,0.0,0.0,-0.05451448819917414,0.9985129796734653
1744809579,144142549,15.887736071093542,-36.69260500004759,0.0,0.0,0.0,-0.058696559025468775,0.9982758706683086
1744809580,44340129,16.780560338584234,-36.80602822244808,0.0,0.0,0.0,-0.06313887915323357,0.9980047504592718
1744809583,44040969,19.461186313802436,-37.12883728708673,0.0,0.0,0.0,-0.05826097332827961,0.9983013868501043
1744809583,943943265,20.355365368376493,-37.23103228873087,0.0,0.0,0.0,-0.05686702533075344,0.9983817613668788
1744809586,43871841,22.14321338314467,-37.43979083754551,0.0,0.0,0.0,-0.05930636000126186,0.998239828730251
1744809589,43779645,24.825371039544283,-37.749652609098064,0.0,0.0,0.0,-0.056954150275659136,0.99837679498593
1744809589,946507485,25.720715935580216,-37.84107206623057,0.0,0.0,0.0,-0.05085438888557722,0.9987060784490472
1744809590,845906429,26.421763520679466,-37.90400888603341,0.0,0.0,0.0,-0.0447527298377019,0.9989980946789007
1744809592,949331109,27.531327124849028,-37.99796164449782,0.0,0.0,0.0,-0.041875640272415325,0.9991228306628647
1744809595,946231725,30.224726170288506,-38.176860433692916,0.0,0.0,0.0,-0.017452392541679018,0.9998476953989398
1744809597,143272249,31.116356533333846,-38.054405153301936,0.0,0.0,0.0,0.06818942959245304,0.9976723919663488
1744809598,48074121,31.990639009899002,-37.840793002029834,0.0,0.0,0.0,0.11953038533928254,0.9928305429330035
1744809598,943578285,32.80384278299366,-37.45517710061418,0.0,0.0,0.0,0.21959081505955932,0.9755920632833573
1744809599,843475397,33.450593526368145,-36.82930692562215,0.0,0.0,0.0,0.3750920306519753,0.9269875773392962
1744809601,43096653,33.93111222692074,-36.068319554886436,0.0,0.0,0.0,0.48274751823253487,0.8757595752490112
1744809602,843509021,34.49600031960265,-34.35925506144384,0.0,0.0,0.0,0.5857359822664914,0.8105019179979209
1744809604,42895353,34.704267790903295,-33.48368401327126,0.0,0.0,0.0,0.6199160017917099,0.7846681787370894
1744809604,944331153,34.84831589253355,-32.59528649840715,0.0,0.0,0.0,0.6480534521720265,0.7615948549773159
1744809605,843013949,34.93473339990691,-31.69944498652049,0.0,0.0,0.0,0.6723022190067982,0.74027679034165
1744809607,942695745,34.93039906811979,-30.09639844501187,0.0,0.0,0.0,0.7206721334049975,0.6932760461270023
1744809608,843078881,34.86940895217875,-29.247620136365647,0.0,0.0,0.0,0.7320080469584571,0.6812959850080326
1744809610,943719993,34.73037496286847,-27.452997738807746,0.0,0.0,0.0,0.733907727569475,0.6792491791778694
1744809611,845418137,34.65443877862926,-26.55620696280523,0.0,0.0,0.0,0.7363333273876576,0.6766189703061988
1744809613,943003965,34.46721287949194,-24.815282299093077,0.0,0.0,0.0,0.7446028826975729,0.6675077131228256
1744809617,842568149,34.07576179725613,-21.236640496679883,0.0,0.0,0.0,0.7453596669401259,0.666662558494854
1744809619,942894573,33.89370471435482,-19.445876841763994,0.0,0.0,0.0,0.7411562173539433,0.6713326012324996
1744809623,842298605,33.55757497886901,-15.861621459387763,0.0,0.0,0.0,0.7388671212107343,0.6738511535893977
1744809625,42434289,33.460687858087184,-14.96685172038973,0.0,0.0,0.0,0.7441949866883858,0.6679624404020582
1744809628,941833065,33.04286553997685,-11.539479387884198,0.0,0.0,0.0,0.7517822763661947,0.6594114109883621
1744809629,842142605,32.92913061727236,-10.646694773681308,0.0,0.0,0.0,0.7504572394008626,0.6609190054997938
1744809631,944479989,32.71429977223953,-8.859661906263737,0.0,0.0,0.0,0.7446028827192732,0.667507713098619
1744809634,941136141,32.45145247989526,-6.172499826554644,0.0,0.0,0.0,0.7399833926593804,0.6726251397236898
1744809637,41201253,32.286593095561535,-4.380065403394058,0.0,0.0,0.0,0.7386906821642902,0.6740445653542914
1744809638,841522157,32.12517582507615,-2.587324275087477,0.0,0.0,0.0,0.7390435098131783,0.6736576954232903
1744809640,40953165,32.03703853265521,-1.691650329008489,0.0,0.0,0.0,0.7409218328920247,0.6715912726829635
1744809643,40832061,31.82666034910125,0.4094374758290895,0.0,0.0,0.0,0.7407459853120142,0.6717852225556419
1744809646,41103285,31.574667790982023,2.604674215761521,0.0,0.0,0.0,0.7476822124298831,0.6640567063255631
1744809647,841031525,31.368096582064247,4.392749785852499,0.0,0.0,0.0,0.7446028826433225,0.6675077131833418
1744809650,840662873,31.076188119613537,7.076903365732174,0.0,0.0,0.0,0.7461735922725312,0.6657514327398075
1744809652,40462509,30.977114955980063,7.971433694031698,0.0,0.0,0.0,0.7450105009079011,0.6670527366984998
1744809653,840623285,30.77865771458316,9.760447723764091,0.0,0.0,0.0,0.7438451401989251,0.6683520086020849
1744809655,40202613,30.684894513809606,10.65555021073455,0.0,0.0,0.0,0.7430280392397173,0.6692602878578566
1744809656,840155609,30.481752965438794,12.44405056335557,0.0,0.0,0.0,0.745941155776232,0.6660118558398336
1744809658,40041525,30.379713976910956,13.338247434754823,0.0,0.0,0.0,0.7461154917034697,0.6658165460846477
1744809659,840484493,30.15505131671524,15.124154768430829,0.0,0.0,0.0,0.7513793243144028,0.6598705259312857
1744809661,40167261,29.922114150320308,15.993488005177188,0.0,0.0,0.0,0.7933533493255533,0.6087614172349678
1744809662,840427253,28.639585179129735,17.25646838430303,0.0,0.0,0.0,0.9253421245965929,0.3791331592555095
1744809664,43542009,27.932197237972165,17.7294871071626,0.0,0.0,0.0,0.9568896624909844,0.29045167208657974
1744809664,941108313,27.161462329295297,18.090197672599356,0.0,0.0,0.0,0.9761446692257436,0.21712112919327695
1744809665,840605021,26.311471942289934,18.386029283483776,0.0,0.0,0.0,0.9860105890251112,0.16668268755438695
1744809667,40976601,25.487239870568985,18.597656085702777,0.0,0.0,0.0,0.9921147030701774,0.12533321966651073
1744809667,939887817,24.603299290922514,18.766916393082447,0.0,0.0,0.0,0.9955290552282213,0.09445581081333725
1744809670,942300297,21.90693163007979,18.879779677679323,0.0,0.0,0.0,-0.9999996915654449,0.0007854100935303131
1744809671,839418773,21.008553268384723,18.82577672185196,0.0,0.0,0.0,-0.9995494434146773,0.030015165656858918
1744809673,941968893,19.217864890383982,18.64372730605599,0.0,0.0,0.0,-0.9984650252024594,0.055385859634496284
1744809674,839645141,18.421424417194345,18.550026107540045,0.0,0.0,0.0,-0.9982860984482802,0.058522351669345316
1744809677,839490605,15.741513325316816,18.221290853233157,0.0,0.0,0.0,-0.9981134269130543,0.06139696259489673
1744809679,941657817,13.95845289572234,17.97498081590515,0.0,0.0,0.0,-0.9975457530050993,0.0700176453580777
1744809682,38736261,12.179404378470178,17.70115901456483,0.0,0.0,0.0,-0.9971457371337945,0.07550085374286607
1744809683,838766693,10.4039867086733,17.40469300003193,0.0,0.0,0.0,-0.9965799390633836,0.08263428499371563
1744809686,838577837,7.7404474492172515,16.962473127181045,0.0,0.0,0.0,-0.9966230696618695,0.08211246566601385
1744809689,838844465,5.60468620084907,16.635617978850394,0.0,0.0,0.0,-0.9971851325991075,0.07497873914184283
1744809691,940667577,4.404688663245508,16.468499739667973,0.0,0.0,0.0,-0.99783028992833,0.0658385335616232
1744809694,940830765,1.9155865913944172,16.198380413816857,0.0,0.0,0.0,-0.9987193565382965,0.050592952826762516
1744809695,838206941,1.0205497810863253,16.103992341511525,0.0,0.0,0.0,-0.9986203845272659,0.052510261917225146
1744809698,837982757,-1.6652897630409766,15.828332738935151,0.0,0.0,0.0,-0.9987193565382965,0.050592952826762516
1744809701,837860297,-4.352205288061496,15.563773683693388,0.0,0.0,0.0,-0.9989346330862162,0.04614757654424076
1744809703,938363913,-6.144097440965692,15.393127719897528,0.0,0.0,0.0,-0.9988939813670016,0.047019293792870426
1744809706,56133165,-7.936374348613762,15.227651898341463,0.0,0.0,0.0,-0.9991696930572314,0.04074217073154276
1744809707,837537401,-9.728533023271412,15.059820778315004,0.0,0.0,0.0,-0.9989103333490796,0.04667061097125875
1744809709,37723293,-10.087964885801322,15.030396400804634,0.0,0.0,0.0,-0.9991661338309592,0.0408293644977931
1744809709,940089789,-9.763124715363707,15.05579075250651,0.0,0.0,0.0,-0.9992392797024288,0.038998229444057675
1744809712,37680189,-8.917311911650067,15.113726994838196,0.0,0.0,0.0,-0.999444413631235,0.033329627380406346
1744809712,937198929,-9.130454901689289,15.100802621032841,0.0,0.0,0.0,-0.9995415511661153,0.03027684746528473
1744809715,939662361,-7.66540548781402,15.191043928468446,0.0,0.0,0.0,-0.9995282452471536,0.030712976950242707
1744809717,137696713,-7.095354803569709,15.223912858643448,0.0,0.0,0.0,-0.9995853678280167,0.028793965064377064
1744809718,936848961,-6.54299797993858,15.260931268053369,0.0,0.0,0.0,-0.9994559869693983,0.032980753645510986
1744809721,36770709,-7.361102837841488,15.216051429709204,0.0,0.0,0.0,-0.9996245973987301,0.02739825314553286
1744809722,836655797,-9.157145410812284,15.33534440117692,0.0,0.0,0.0,0.999450216351664,0.03315516603204034
1744809724,36729609,-10.050589224912319,15.443779409575413,0.0,0.0,0.0,0.9981771759061713,0.06035168183224328
1744809724,936635421,-10.941003045926719,15.574787910622241,0.0,0.0,0.0,0.9973336177067329,0.07297708538986925
1744809725,837157109,-11.840104843044017,15.614986895938346,0.0,0.0,0.0,0.9997504680661565,0.022338343750172573
1744809727,36865245,-12.707998938428819,15.37674366057542,0.0,0.0,0.0,-0.9910415663961277,0.13355378570115312
1744809727,936941841,-13.415172973845838,14.82005264786549,0.0,0.0,0.0,-0.9449203480296985,0.32730037561761766
1744809730,37067925,-13.694582683792587,13.041870932183016,0.0,0.0,0.0,-0.7600090843658001,0.6499124492433256
1744809731,837003437,-13.413931494039527,11.263884737160627,0.0,0.0,0.0,-0.6496470858702481,0.7602359264204069
1744809733,52975113,-13.170844754750982,10.397334774849126,0.0,0.0,0.0,-0.6041124162822377,0.7968991081019206
1744809733,937007853,-12.869678316885711,9.549219937870346,0.0,0.0,0.0,-0.5767887934912319,0.8168933147620495
1744809735,140659549,-12.531221994906211,8.715285097422898,0.0,0.0,0.0,-0.5585415920156608,0.8294765156341746
1744809736,48608973,-12.175375287719172,7.888621247370083,0.0,0.0,0.0,-0.5498248674769901,0.8352799621108543
1744809736,938737005,-11.837224806706427,7.161468172612982,0.0,0.0,0.0,-0.5377411185239565,0.8431100102884583
1744809737,838954373,-11.51285567881093,6.4820246795472585,0.0,0.0,0.0,-0.5334668856344468,0.845820951461646
1744809739,53110941,-11.147846114963542,5.713316393023179,0.0,0.0,0.0,-0.5343523345759715,0.8452618425867863
1744809742,49821849,-10.754832298261555,4.919578043795827,0.0,0.0,0.0,-0.5154868008601367,0.8568975190412106
1744809742,972172941,-10.769911098579993,4.947384447224647,0.0,0.0,0.0,-0.5115180456193772,0.8592725347674816
1744809743,844364597,-10.669728528304944,4.758809682592277,0.0,0.0,0.0,-0.5151876560850877,0.8570774054993828
1744809745,947185965,-10.401371626957854,4.251213035688938,0.0,0.0,0.0,-0.5160101538228548,0.8565824660543279
1744809748,968256969,-9.730993412759663,2.993595734507381,0.0,0.0,0.0,-0.5143646835628382,0.8575715552088359
1744809750,150607513,-9.315558971023542,2.1952134798076677,0.0,0.0,0.0,-0.5188478466028142,0.8548666048428974
1744809751,61455777,-8.905568526727325,1.3940219698764955,0.0,0.0,0.0,-0.5217542821544896,0.8530958146969503
1744809754,56525205,-7.7054902765845785,-1.0245796819304598,0.0,0.0,0.0,-0.5286605620468483,0.8488333229417365
1744809755,853919729,-6.954756853555654,-2.660550136293031,0.0,0.0,0.0,-0.5398730758683202,0.8417464356636617
1744809757,54800925,-6.586399286095812,-3.4817155900811625,0.0,0.0,0.0,-0.5434674847373616,0.8394302192756975
1744809757,955493229,-6.222346360777259,-4.304798494512426,0.0,0.0,0.0,-0.5456632430565818,0.8380045496159158
1744809759,168081121,-5.881662617889719,-5.084592697365321,0.0,0.0,0.0,-0.5475632088194601,0.8367643230607626
1744809760,71515017,-5.560352794694876,-5.819342545583309,0.0,0.0,0.0,-0.5474171575585953,0.8368598781220593
1744809760,958590897,-5.244694864188224,-6.556538186404737,0.0,0.0,0.0,-0.550626425487716,0.8347517831994256
1744809762,169582501,-4.891013575383987,-7.384130807172813,0.0,0.0,0.0,-0.5509177752702819,0.8345595274701758
1744809763,961077345,-4.22838932065982,-9.057728458058843,0.0,0.0,0.0,-0.562083363053084,0.8270805843319833
1744809765,161458897,-3.9132026477091233,-9.900733417234216,0.0,0.0,0.0,-0.5699967480654325,0.8216469480225871
1744809766,62288721,-3.5963981032936116,-10.743131708209264,0.0,0.0,0.0,-0.5692077611248075,0.8221937269739316
1744809767,863387729,-2.974429058040844,-12.432229177326004,0.0,0.0,0.0,-0.5743624868368908,0.8186010833822188
1744809769,68409321,-2.668678307620336,-13.278702141228157,0.0,0.0,0.0,-0.5745767764090426,0.8184506875868534
1744809772,72997833,-1.797297680941091,-15.782356258295826,0.0,0.0,0.0,-0.5787119501697098,0.8155320218917044
1744809774,168299077,-1.2213910720028731,-17.487718281120323,0.0,0.0,0.0,-0.5850284371227227,0.8110127790347971
1744809775,80308641,-1.0720461836330384,-18.17555900699964,0.0,0.0,0.0,-0.6276234106081117,0.7785170868109714
1744809775,992634249,-0.9796661264285174,-18.82384379962306,0.0,0.0,0.0,-0.655334242558827,0.7553390169518907
1744809777,171341797,-0.9031038758680017,-19.720581343048732,0.0,0.0,0.0,-0.6763618974744727,0.7365694696664605
1744809778,72111885,-0.8512962166869412,-20.619088975988028,0.0,0.0,0.0,-0.6864531791183089,0.7271740045397435
1744809781,77176869,0.5643819282669982,-22.747131791974418,0.0,0.0,0.0,-0.3688546689260221,0.9294870807125157
1744809781,977595357,1.348088520212209,-23.18962922444338,0.0,0.0,0.0,-0.25417995381093134,0.9671569423214997
1744809782,877598681,2.201679453324596,-23.474905439554846,0.0,0.0,0.0,-0.16057028036832582,0.9870244095575536
1744809784,91829685,3.0396406172570347,-23.623113009091007,0.0,0.0,0.0,-0.08741652497295722,0.996171848207754
1744809784,978892065,3.9380564644182683,-23.676488711143186,0.0,0.0,0.0,-0.029666225078795738,0.9995598606834781
1744809786,179014885,4.8379138517705496,-23.660467399476325,0.0,0.0,0.0,0.008901081323790375,0.9999603845909433
1744809787,79494933,5.7346111842527545,-23.583435627334577,0.0,0.0,0.0,0.04283474393134642,0.9990821711512702
1744809788,881238773,7.499285329492087,-23.228576273331008,0.0,0.0,0.0,0.09905926222983215,0.9950815356373975
1744809791,884496029,10.116045883464858,-22.56416577940543,0.0,0.0,0.0,0.13173739348961963,0.9912846509235181
1744809793,984719301,11.84837323253127,-22.075272447935177,0.0,0.0,0.0,0.13571559281907006,0.9907478376790778
1744809796,988394601,14.461688914411692,-21.39698951022003,0.0,0.0,0.0,0.12368809410870099,0.9923211452829961
1744809800,893746253,17.14971202236599,-20.743453169130866,0.0,0.0,0.0,0.1133766433739783,0.9935520805359173
1744809803,894756233,19.798656398208614,-20.22086949765641,0.0,0.0,0.0,0.09723551416189753,0.9952614002289406
1744809806,896785205,22.448226410883752,-19.701524635011776,0.0,0.0,0.0,0.09480334386521694,0.9954960200784198
1744809808,112688385,23.333666712178484,-19.540293518774575,0.0,0.0,0.0,0.08993731985625557,0.9959474275769146
1744809809,898957097,25.10660739835121,-19.229430685229513,0.0,0.0,0.0,0.08480829466722233,0.996397286806642
1744809812,900222221,27.7739267241551,-18.810785589217833,0.0,0.0,0.0,0.07619698210061465,0.9970927840069642
1744809815,2158721,29.552380291823038,-18.533241072500314,0.0,0.0,0.0,0.07497874676002145,0.9971851320262936
1744809816,805428277,31.329062695770553,-18.24452648896584,0.0,0.0,0.0,0.08228641540204766,0.9966087225387311
1744809819,804899989,33.99460626739915,-17.81455291959515,0.0,0.0,0.0,0.079937985249873,0.9967998387410539
1744809823,108145269,36.66015764675267,-17.38473721442548,0.0,0.0,0.0,0.07880710045025496,0.9968898840486964
1744809827,10574345,40.20699833450145,-16.769381439062897,0.0,0.0,0.0,0.09054569189385386,0.9958923022493262
1744809829,112203477,41.97657022656047,-16.43981305642486,0.0,0.0,0.0,0.09193613112279113,0.9957649058860093
1744809831,814442281,44.63152487276647,-15.948704715861059,0.0,0.0,0.0,0.09202302757066096,0.9957568791611381
1744809835,116968353,47.286007391935144,-15.455127836772823,0.0,0.0,0.0,0.09045878337471867,0.9959002000754723
1744809836,17690681,48.12370860653971,-15.305457911534361,0.0,0.0,0.0,0.08828585263334467,0.9960951803039725
1744809839,20267069,50.68522311582238,-14.848749893628465,0.0,0.0,0.0,0.08524304610979783,0.9963601874271788
1744809839,923045621,51.57426514173452,-14.708734622454058,0.0,0.0,0.0,0.07802412051504357,0.9969514715460598
1744809840,824083477,52.46407529053002,-14.573686856457952,0.0,0.0,0.0,0.07523980626601284,0.9971654684920918
1744809842,923151833,54.24553782727065,-14.316021899217676,0.0,0.0,0.0,0.07175859077368035,0.9974220293587742
1744809843,826480537,55.1366694385803,-14.189988366677053,0.0,0.0,0.0,0.07019175596713943,0.9975335169277519
1744809846,828772093,57.74879871424352,-13.533591438777211,0.0,0.0,0.0,0.14737787657078294,0.9890802603921923
1744809848,27175697,58.499179321996145,-13.132252007079266,0.0,0.0,0.0,0.24310716977244698,0.969999435054078
1744809850,128382213,59.12901562330549,-11.551149917630184,0.0,0.0,0.0,0.5612169615863892,0.8276687272259
1744809851,930860873,59.25708428689087,-9.755711693294003,0.0,0.0,0.0,0.681487616341107,0.7318296446398684
1744809852,831068665,59.23776496800227,-8.855919070564921,0.0,0.0,0.0,0.7146558297097372,0.6994762648309714
1744809854,31966145,59.17153727084536,-7.958359104808151,0.0,0.0,0.0,0.7326616989355789,0.6805930023977849
1744809854,934596737,59.072549365343534,-7.113169300068881,0.0,0.0,0.0,0.7471024219458515,0.6647089371466602
1744809855,835655737,58.95900169634828,-6.319315239927092,0.0,0.0,0.0,0.7555105475058899,0.6551364839538022
1744809857,34259561,58.81045884157969,-5.431658200132333,0.0,0.0,0.0,0.7632324732378566,0.6461239755613658
1744809857,938000237,58.648918684975065,-4.546274228172057,0.0,0.0,0.0,0.7679482609180207,0.640511880102928
1744809860,939268985,58.19617100718797,-1.884539859699145,0.0,0.0,0.0,0.7617645010110075,0.6478540306268464
1744809861,840440377,58.054759430979296,-0.9957188619081513,0.0,0.0,0.0,0.7606326227441199,0.6491825731005119
1744809863,941545901,57.77395315783085,0.7822426731398452,0.0,0.0,0.0,0.7604059689253435,0.6494480444367429
1744809866,942129365,57.339804666923584,3.4470377767598084,0.0,0.0,0.0,0.7601792223477846,0.649713436763253
1744809869,43248953,57.03729805839181,5.221435633273383,0.0,0.0,0.0,0.763964985994523,0.6452577005928626
1744809872,45433409,56.6511293159041,7.645616431252389,0.0,0.0,0.0,0.7568810038199099,0.6535527110008539
1744809873,848988229,56.342894918155736,9.419028835642496,0.0,0.0,0.0,0.7652585615602173,0.6437230258106255
1744809876,851971861,55.87729396524889,12.078579183796062,0.0,0.0,0.0,0.7655393658859725,0.6433890574752598
1744809879,852791137,55.44763064429121,14.744172671381019,0.0,0.0,0.0,0.7613686074196524,0.6483192451530799
1744809882,853643749,55.04144462101635,17.314175775823074,0.0,0.0,0.0,0.7580205155506637,0.652230709185259
1744809884,65213405,54.928989345100675,18.05863034281811,0.0,0.0,0.0,0.7580774305297807,0.6521645569343412
1744809885,855864649,54.67419463544066,19.790941266469698,0.0,0.0,0.0,0.758248140667899,0.6519660705693772
1744809888,860796817,54.39543777820234,22.08133967570763,0.0,0.0,0.0,0.7434367217099753,0.6688062804827154
1744809890,960868493,54.24560191319555,23.48107688425758,0.0,0.0,0.0,0.7437868059270281,0.668416926273467
1744809893,964428281,53.96244491929193,26.166119075656425,0.0,0.0,0.0,0.740276803641067,0.6723022043627146
1744809894,865432873,53.871494241569415,27.061511712560378,0.0,0.0,0.0,0.741975844815912,0.6704266147086598
1744809897,864925537,53.57271386291435,29.744927008828526,0.0,0.0,0.0,0.7458248968589615,0.6661420443308765
1744809899,966929429,53.35818564764239,31.532074870549447,0.0,0.0,0.0,0.7497069610084587,0.6617699544520448
1744809900,867133717,53.19146369185868,32.16532919289992,0.0,0.0,0.0,0.7920233447306932,0.6104908036994541
1744809902,68288045,52.833283428911706,32.71352089892176,0.0,0.0,0.0,0.8794824966885054,0.47593123244703434
1744809902,970769561,52.17764192951457,33.33007115986427,0.0,0.0,0.0,0.9296479319843891,0.368449077291759
1744809905,70309577,50.5963711189805,34.1900610573357,0.0,0.0,0.0,0.9691449281789695,0.24649159860932385
1744809905,973346765,49.757222904112496,34.515376709408955,0.0,0.0,0.0,0.9829513989533994,0.18386556854276687
1744809906,873041461,48.89549926891809,34.77505415653776,0.0,0.0,0.0,0.9893105442103517,0.1458240279042439
1744809908,72768737,48.018354678435955,34.976591665175576,0.0,0.0,0.0,0.9936309930088986,0.11268296114386694
1744809908,975351317,47.1304910962744,35.12389495594412,0.0,0.0,0.0,0.9966230709979131,0.08211244945005958
1744809909,873815185,46.234771121065506,35.211563228493425,0.0,0.0,0.0,0.9988103966466233,0.048762604017987175
1744809910,776859417,45.433386517726994,35.24122877789779,0.0,0.0,0.0,0.9998288708806389,0.018499431168192478
1744809912,878705497,44.61465546928343,35.20977629530757,0.0,0.0,0.0,-0.9998157120244102,0.019197447463703804
1744809913,778686333,44.35261452752452,35.1931523222693,0.0,0.0,0.0,-0.9994983026498572,0.031672432809219705
1744809914,977600597,43.89485447556104,35.16379098015171,0.0,0.0,0.0,-0.9994871859927206,0.032021321589728036
1744809915,879087349,43.339625471474946,35.12243289077775,0.0,0.0,0.0,-0.9993090700303073,0.03716695515053984
1744809918,880397797,40.84157640617693,34.95202589473435,0.0,0.0,0.0,-0.9994531053285448,0.03306796409107469
1744809919,784573605,39.94432621243174,34.88172589598451,0.0,0.0,0.0,-0.99923587298417,0.039085421087198945
1744809923,83584241,37.25101219111272,34.69197384009388,0.0,0.0,0.0,-0.9994473186630628,0.03324240089425229
1744809926,987225821,33.65592864502685,34.506866537026234,0.0,0.0,0.0,-0.9997770130207619,0.02111691822409663
1744809929,92565545,31.856897534373093,34.44781517887145,0.0,0.0,0.0,-0.9998654229797562,0.016405362827840764
1744809931,791599869,29.15811406426292,34.36677424220333,0.0,0.0,0.0,-0.9998873545363688,0.015009271743227677
1744809935,995213933,25.950437541649034,34.34760232850014,0.0,0.0,0.0,-0.9999950651893634,0.0031415914630466045
1744809938,95558621,24.150441393507535,34.35090098298066,0.0,0.0,0.0,0.999999025230019,0.0013962589343213747
1744809941,998077133,20.550685841170992,34.39252608739154,0.0,0.0,0.0,0.9999813422652251,0.006108610434371525
1744809942,900289417,19.650825670528643,34.40839030157082,0.0,0.0,0.0,0.9999611577574031,0.008813794669373282
1744809945,902770441,16.951508762410953,34.466975413955886,0.0,0.0,0.0,0.9999085210301067,0.013525885234785224
1744809948,903003073,14.252268188055506,34.53011513664008,0.0,0.0,0.0,0.9999469818469459,0.010297256682426611
1744809950,109011497,13.352440132883828,34.54770692807688,0.0,0.0,0.0,0.9999522364070079,0.009773684291168781
1744809951,904870129,11.563880698465287,34.71992560315735,0.0,0.0,0.0,0.996985422765088,0.07758908939998477
1744809952,806867949,10.692077777473132,34.94344219526976,0.0,0.0,0.0,0.9921365612186424,0.12516007307942562
1744809954,13217317,9.859806883429943,35.2859697984327,0.0,0.0,0.0,0.9810059729241626,0.19397752727343756
1744809955,808110141,8.208473019523947,36.002277323115564,0.0,0.0,0.0,0.9791342354779548,0.20321453913291004
1744809957,10972345,7.31901946733693,36.13965409881619,0.0,0.0,0.0,0.9970661273587225,0.07654500423855107
1744809957,911799445,6.441246064166795,35.94087318251103,0.0,0.0,0.0,-0.9938067672591463,0.11112204709203759
1744809958,812430177,5.704460011707181,35.42401119619265,0.0,0.0,0.0,-0.9535856462320442,0.3011219276310088
1744809960,10482325,5.149004151539655,34.715866587086886,0.0,0.0,0.0,-0.8992144288110365,0.43750818394407354
1744809960,912938809,4.7932782618719125,33.94281838779077,0.0,0.0,0.0,-0.842028977824634,0.539432294642805
1744809963,12121969,4.5138685308832605,32.164636675414656,0.0,0.0,0.0,-0.7600090882111309,0.6499124447465869
1744809963,913345201,4.465511328697085,31.26593673605963,0.0,0.0,0.0,-0.7258547460240604,0.6878480120450641
1744809964,814041297,4.48483066566319,30.366144113718686,0.0,0.0,0.0,-0.6994762576519883,0.7146558367362358
1744809966,17139553,4.569371787485855,29.47012357895346,0.0,0.0,0.0,-0.6730770461830646,0.7395723696173896
1744809966,915083761,4.715900245913534,28.582131793591223,0.0,0.0,0.0,-0.6469894132623122,0.762498983033085
1744809967,818692713,4.912995594564602,27.703978376732806,0.0,0.0,0.0,-0.6249020595923332,0.780703154801657
1744809970,820350573,5.762919700932045,25.35145727630944,0.0,0.0,0.0,-0.5607112427159323,0.8280114143488331
1744809972,922589809,6.497743759655798,23.708352964723947,0.0,0.0,0.0,-0.540313742642524,0.8414636412297494
1744809975,21256057,7.254183198086371,22.07501301970734,0.0,0.0,0.0,-0.5384031331347222,0.842687407186505
1744809977,128107853,8.140819061265079,20.508527511914387,0.0,0.0,0.0,-0.5036985807287296,0.8638794706276237
1744809978,23391493,8.69007417510556,19.795562702179655,0.0,0.0,0.0,-0.4414275366225155,0.8972969017618292
1744809978,924115465,9.353835997972896,19.18776319370352,0.0,0.0,0.0,-0.3622753534818077,0.9320711175975958
1744809979,827282097,10.084069005076485,18.661683584389067,0.0,0.0,0.0,-0.30710746661968674,0.9516748415012546
1744809981,25548097,10.860966462938267,18.207337526886747,0.0,0.0,0.0,-0.26151539378762967,0.9651993052277343
1744809982,827233125,12.51787521934184,17.504021543168786,0.0,0.0,0.0,-0.19936792035248277,0.979924707482328
1744809984,27637585,13.363491086677142,17.195908244347123,0.0,0.0,0.0,-0.17382004210085836,0.9847774332122238
1744809984,928375909,14.226250193201686,16.93969207758755,0.0,0.0,0.0,-0.14383805221199844,0.9896012402659257
1744809985,828943053,15.103041702865085,16.736623989050283,0.0,0.0,0.0,-0.11355001427809956,0.9935322814370167
1744809987,29843641,15.988845557363641,16.577402346816882,0.0,0.0,0.0,-0.08880736174891328,0.996048820339243
1744809988,833186205,17.77086206470727,16.32378389011359,0.0,0.0,0.0,-0.06792821241463845,0.9976902114174278
1744809990,934835869,19.556864726104948,16.099742613826372,0.0,0.0,0.0,-0.06235502876076389,0.9980540317980006
1744809993,937411021,22.22918956473074,15.71624218625876,0.0,0.0,0.0,-0.08106873398867563,0.9967085132421983
1744809996,36238465,24.004086682754316,15.416678100802542,0.0,0.0,0.0,-0.08315605604097373,0.9965365373852132
1744809999,39140929,26.475986489244825,15.017896722166537,0.0,0.0,0.0,-0.07915504266427491,0.9968623170833657
1744810001,141756473,28.249820636023376,14.71214003196671,0.0,0.0,0.0,-0.08663411115218868,0.996240197334393
1744810003,844357053,30.902052239254502,14.206519691336464,0.0,0.0,0.0,-0.0942820570078793,0.9955455256925034
1744810005,944604577,32.67236736401499,13.880967300707436,0.0,0.0,0.0,-0.09080638015934561,0.9958685662889237
1744810008,948376777,35.325180114137794,13.378594247720612,0.0,0.0,0.0,-0.09714862731544904,0.9952698851119348
1744810011,950333485,37.977428127750585,12.873130673591442,0.0,0.0,0.0,-0.09158850551073648,0.995796939972357
1744810014,48800653,39.74951116089874,12.557474656748768,0.0,0.0,0.0,-0.09054565932384669,0.9958923052105634
1744810015,850457601,41.51962513877713,12.23084126204538,0.0,0.0,0.0,-0.09037184198468931,0.9959080932376714
1744810018,852125685,44.180241876016716,11.771591782591093,0.0,0.0,0.0,-0.08159059845680812,0.9966659291073714
1744810020,956392189,45.95738755528434,11.485666556945642,0.0,0.0,0.0,-0.0796769880558935,0.9968207349239586
1744810023,958532089,48.64402469250725,11.217978070243674,0.0,0.0,0.0,-0.04492708695121685,0.9989902686503397
1744810026,57441721,50.20334143655097,12.117161751003563,0.0,0.0,0.0,0.2585661617224037,0.9659935507093946
1744810026,957792241,50.81102510662351,12.781029627261459,0.0,0.0,0.0,0.4029863038253434,0.9152060090106424
1744810027,858435453,51.29287127115049,13.541177161448504,0.0,0.0,0.0,0.4819830768542638,0.8761805257058027
1744810029,960539161,51.890979535758056,15.07991534080035,0.0,0.0,0.0,0.5842496707162959,0.8115739783087552
1744810030,861875181,52.107642170144494,15.953446853031435,0.0,0.0,0.0,0.6161427349123837,0.7876345156318939
1744810032,963090853,52.299229842987394,17.74322174491439,0.0,0.0,0.0,0.6684169372390888,0.7437867960725816
1744810035,964169053,52.24757888484937,20.439054951049634,0.0,0.0,0.0,0.7266346352878406,0.687024094774053
1744810038,65470069,52.0025687136262,22.221886738989067,0.0,0.0,0.0,0.7606892762185861,0.6491161876321092
1744810038,967791661,51.83778453525087,23.106672687429235,0.0,0.0,0.0,0.7691207744977828,0.6391034612924035
1744810039,869025057,51.65435315203302,23.987781606718325,0.0,0.0,0.0,0.7758262202387308,0.6309466506687268
1744810041,968123173,51.26046899666501,25.7441572135149,0.0,0.0,0.0,0.780648618380896,0.6249701869849459
1744810044,69541597,50.723155754809895,27.457677595444153,0.0,0.0,0.0,0.8257539097594301,0.5640305670059159
1744810044,970243993,50.15020066185751,28.151739884766894,0.0,0.0,0.0,0.9046039934543437,0.42625299415541196
1744810045,871792725,49.417040883081796,28.673732929534292,0.0,0.0,0.0,0.952528733534444,0.30444870141169617
1744810047,78258973,48.59872837650865,29.04838562415422,0.0,0.0,0.0,0.9770455768321678,0.21303037528178154
1744810048,872900361,46.84628634482416,29.459417162585908,0.0,0.0,0.0,0.9933727665109876,0.11493714262285631
1744810050,74266345,45.95610253412795,29.591979537241677,0.0,0.0,0.0,0.9972695530787519,0.07384740010390627
1744810050,974291917,45.05865952268379,29.65977364620428,0.0,0.0,0.0,0.9992894729768309,0.03769017375507323
1744810051,874954785,44.15877055365076,29.645637047862717,0.0,0.0,0.0,-0.9999691575891033,0.007853907978769479
1744810053,75921097,44.143348462182644,33.27038877609251,0.0,0.0,0.0,-0.9996792673732243,0.02532513344749748
1744810053,976405825,43.96562838914206,33.61682416506581,0.0,0.0,0.0,-0.9993254723059344,0.03672329506622622
1744810054,877044345,43.013034467501654,33.627851078300495,0.0,0.0,0.0,-0.9990651834302084,0.04322914824009312
1744810056,978456241,40.88620539212357,33.55455402261755,0.0,0.0,0.0,-0.9988723154082061,0.04747733681504574
1744810057,881424825,41.270294783973085,33.56678370558849,0.0,0.0,0.0,-0.9989852274767302,0.045039041766732076
1744810062,98989261,40.97445522053516,33.52334594352649,0.0,0.0,0.0,-0.9988501824667527,0.04794072367137154
1744810065,984209041,38.25455267930609,33.34031290849347,0.0,0.0,0.0,-0.9991233481210453,0.04186329226652551
1744810066,886645377,37.373320800668445,33.26928850425119,0.0,0.0,0.0,-0.9993901017055087,0.03492026078157159
1744810068,86626273,36.4878140945122,33.20546506324244,0.0,0.0,0.0,-0.9994534606340169,0.03305722351752711
1744810071,88387453,33.85144234281559,33.05232856310293,0.0,0.0,0.0,-0.9997413531233559,0.02274262199222816
1744810071,988459189,33.00961632552519,33.02348456550363,0.0,0.0,0.0,-0.9998485111741681,0.017405594008809096
1744810074,991229929,30.415554653572443,32.99358647752467,0.0,0.0,0.0,-0.9999999574662858,0.00029166320769393985
1744810075,891306585,29.522413847328277,32.98868323404538,0.0,0.0,0.0,-0.9999883746122843,0.004821891774159634
1744810078,895456329,27.22094316906753,32.995379220260475,0.0,0.0,0.0,-0.9999996782686877,0.0008021611564510466
1744810081,898096257,24.625063944956487,33.03629057074859,0.0,0.0,0.0,0.999977510052709,0.006706667487229697
1744810084,899023473,21.93068891094525,33.06341485769454,0.0,0.0,0.0,-0.9999992414799923,0.001231681549798183
1744810088,211779257,19.23590596307541,33.05998281350054,0.0,0.0,0.0,-0.9999950402825647,0.003149509528782323
1744810090,901215273,16.541583978317767,33.006719428451404,0.0,0.0,0.0,-0.9999012104813345,0.014055933905724028
1744810092,102438049,15.646871708030776,32.98099191389855,0.0,0.0,0.0,-0.9998367478578947,0.018068692065250632
1744810094,805379573,12.953366109374217,32.88731854635273,0.0,0.0,0.0,-0.9999274280369171,0.012047350724368699
1744810096,908138457,11.19728476596634,33.269682954084686,0.0,0.0,0.0,0.9944858160857638,0.10487116669624809
1744810098,106427701,10.336884256326899,33.52661501960628,0.0,0.0,0.0,0.9901101407335112,0.14029222792680493
1744810099,6463713,9.477128182515656,33.78620341084479,0.0,0.0,0.0,0.9898885370579362,0.14184739758380796
1744810099,907211577,8.593491037215573,33.94227608522561,0.0,0.0,0.0,0.9965296241371299,0.08323886242081083
1744810101,113802313,7.708756544826093,33.80550463664176,0.0,0.0,0.0,-0.9967994989130419,0.07994222267806071
1744810102,8143341,6.959307495345065,33.3192444766936,0.0,0.0,0.0,-0.9583213110909816,0.28569260527507884
1744810103,811169477,6.329517033863041,31.640762917213166,0.0,0.0,0.0,-0.822141414916866,0.5692833160022289
1744810105,10385625,6.220046115969156,30.80361240339658,0.0,0.0,0.0,-0.7525266856947564,0.6585617566464556
1744810105,910922925,6.273376720572335,29.911167378643217,0.0,0.0,0.0,-0.6871472412830257,0.7265181820141373
1744810107,112185889,6.446076238087214,29.033300825312033,0.0,0.0,0.0,-0.6370163782447329,0.7708502668144854
1744810108,12431313,6.707568998988766,28.17708287290254,0.0,0.0,0.0,-0.5969907986261243,0.8022480827996676
1744810108,913215573,7.037992678916188,27.344508991688397,0.0,0.0,0.0,-0.5639537236695621,0.8258063922973926
1744810111,14487381,7.919510451635518,25.779136343885156,0.0,0.0,0.0,-0.505877993184838,0.8626050405668176
1744810111,915152685,8.370633114582727,25.06132655101488,0.0,0.0,0.0,-0.48632986568851216,0.8737752924747837
1744810113,119374045,8.763880769663121,24.48108679732882,0.0,0.0,0.0,-0.47169877089883716,0.8817597572652804
1744810114,16828101,8.376172427587175,25.0725854641805,0.0,0.0,0.0,-0.48634784343111925,0.8737652860979884
1744810114,919776441,6.450653625679472,26.422025589194355,0.0,0.0,0.0,-0.5745480292976008,0.8184708681622354
1744810116,119956993,8.570825542373473,22.95223845922208,0.0,0.0,0.0,-0.5415322118070807,0.8406800006990359
1744810117,18283965,8.175012267917225,24.26790925483982,0.0,0.0,0.0,-0.5204885198004937,0.8538686671590022
1744810119,122571133,8.123568771715831,23.903738994486268,0.0,0.0,0.0,-0.5823654025363474,0.8129271418329432
1744810120,20185221,8.500613906804201,23.11628291414422,0.0,0.0,0.0,-0.5553951017616808,0.8315866045933714
1744810123,923102073,9.892844986890188,19.818015722216508,0.0,0.0,0.0,-0.5469506725831118,0.8371648354779849
1744810125,124329493,10.327816584237134,19.156592554953896,0.0,0.0,0.0,-0.4912046435591321,0.8710441998807787
1744810126,924883425,11.498623279583404,18.372514148098496,0.0,0.0,0.0,-0.2996751604556741,0.9540412979561556
1744810128,125863693,12.315215727328876,17.98602189700904,0.0,0.0,0.0,-0.23076175511370528,0.9730102837980914
1744810129,26190693,11.592795007349018,20.145065079386477,0.0,0.0,0.0,-0.27293537252597383,0.9620323707776719
1744810129,927360849,13.22270550535401,20.000248312258407,0.0,0.0,0.0,-0.23761095853810865,0.9713604029311681
1744810132,28711401,14.967581095418089,19.621904406800574,0.0,0.0,0.0,-0.12587431733456197,0.9920461966237046
1744810132,929566701,15.856972985992092,19.492469573543833,0.0,0.0,0.0,-0.09722142380540248,0.9952627767344915
1744810137,131438593,19.322007243921178,18.77295788528368,0.0,0.0,0.0,-0.0961490443879382,0.995366948046441
1744810141,34042677,21.92380690117706,18.2425160192914,0.0,0.0,0.0,-0.12074515254884599,0.9926835387654799
1744810142,835160285,23.659471670269838,17.882685728267255,0.0,0.0,0.0,-0.12180287044502916,0.9925543112350838
1744810146,158024977,26.247135040018634,17.14359504605493,0.0,0.0,0.0,-0.1414063915192112,0.9899516313626214
1744810148,839395337,28.827469183732042,16.37089007874395,0.0,0.0,0.0,-0.1407855175180438,0.9900401194179843
1744810150,941621937,30.538742576970083,15.829570994322431,0.0,0.0,0.0,-0.15419314321745325,0.9880407251650724
1744810153,42506421,32.250491713376704,15.287441273068392,0.0,0.0,0.0,-0.15541454260963755,0.9878493407121539
1744810156,43908621,34.81952310254849,14.469702581849928,0.0,0.0,0.0,-0.15024743627771034,0.9886484248164134
1744810157,844890029,36.543577579056034,13.965241375640735,0.0,0.0,0.0,-0.14144486121003988,0.9899461355231771
1744810159,947183409,37.8931329149936,13.57691332806534,0.0,0.0,0.0,-0.14006343472070293,0.9901425322923156
1744810162,47489973,39.34190958352511,14.13735261858912,0.0,0.0,0.0,-0.12962810475016748,0.9915626830709593
1744810163,848665913,41.05809734468521,13.85874066898345,0.0,0.0,0.0,-0.11080539071438587,0.9938421229695551
1744810165,49435989,41.930417623023274,13.669864827066004,0.0,0.0,0.0,-0.1112505452404364,0.9937923908863991
1744810168,51355689,44.56316742345548,13.098837185100129,0.0,0.0,0.0,-0.10282466213495951,0.994699496761123
1744810169,855011045,46.32177695374584,12.739541928025199,0.0,0.0,0.0,-0.10194379776501229,0.9947901598313316
1744810171,953891529,48.03129145098228,13.297242555979816,0.0,0.0,0.0,0.15539108763658493,0.9878530305076354
1744810173,155063989,48.77199507461758,13.80849507254105,0.0,0.0,0.0,0.2945393214621808,0.9556393609058796
1744810174,958478181,49.91217795029979,15.196214695029568,0.0,0.0,0.0,0.46105545096201334,0.887371326524705
1744810175,859057217,50.34834072469241,15.986110663080161,0.0,0.0,0.0,0.506266682004128,0.8623769748158464
1744810177,62073237,50.65901505054471,16.67473367910727,0.0,0.0,0.0,0.5405436800142063,0.8413159513504421
1744810178,859236221,51.173549504570204,18.40267593236303,0.0,0.0,0.0,0.5970764921869162,0.8021843070502984
1744810180,58972029,51.38042972742607,19.281641199028808,0.0,0.0,0.0,0.6197231630010418,0.7848204898191586
1744810180,959553021,51.54089915083699,20.170279921020686,0.0,0.0,0.0,0.6402574691534348,0.7681603824679052
1744810181,860050973,51.63905013588767,21.067985105136028,0.0,0.0,0.0,0.6668070510758372,0.7452304050664773
1744810183,61245741,51.67312426691362,21.970418180463934,0.0,0.0,0.0,0.6930393421892432,0.720899764307009
1744810183,962089425,51.637905827505065,22.87281173778016,0.0,0.0,0.0,0.7203241809104803,0.6936375670302508
1744810186,65009457,51.52552858439537,24.672320101489746,0.0,0.0,0.0,0.7286258140209073,0.6849119820402986
1744810187,864352709,51.37068734052906,26.468605894509647,0.0,0.0,0.0,0.7367036920555414,0.676215697918744
1744810189,64582185,51.290714740524564,27.36792547062482,0.0,0.0,0.0,0.7375299339422391,0.675314442714767
1744810191,166146649,51.02125519961203,29.097248974648416,0.0,0.0,0.0,0.7805556424652651,0.6250863052536324
1744810192,67059645,50.589425639404794,29.8335732210259,0.0,0.0,0.0,0.8679521031426809,0.49664791014379295
1744810193,869897141,49.216366299114455,31.000825016591484,0.0,0.0,0.0,0.9387433102022585,0.3446171753562295
1744810195,68682045,48.462821074278594,31.496348841300673,0.0,0.0,0.0,0.95830569593459,0.28574497920229686
1744810196,869436557,46.83810984742617,32.27041947483972,0.0,0.0,0.0,0.9802596399085135,0.197714537569779
1744810198,70239333,45.98529029284366,32.56182211023602,0.0,0.0,0.0,0.986690760620055,0.16260794232452908
1744810198,970895061,45.30542957244753,33.18143844480986,0.0,0.0,0.0,0.9975536495940777,0.06990505118756529
1744810199,871046105,44.43928749961039,33.231137335533006,0.0,0.0,0.0,0.9999894106057816,0.00460202958503952
1744810201,972432021,42.6277304026769,33.122237010300076,0.0,0.0,0.0,-0.9997195425639429,0.02368198082384209
1744810202,873205121,41.720116032961656,33.051073289636065,0.0,0.0,0.0,-0.9995209037404944,0.03095097713781175
1744810204,73962513,44.749862391149016,33.17683476077643,0.0,0.0,0.0,0.9984963452544858,0.05481832278932542
1744810204,974608773,45.267354897873076,33.34338069141356,0.0,0.0,0.0,0.9957447205173958,0.09215449832609031
1744810205,877770005,44.41281648521306,33.47321815757057,0.0,0.0,0.0,0.9979912379087035,0.06335210381237266
1744810208,877221437,41.75603633745595,33.816282386478036,0.0,0.0,0.0,0.9980896303573377,0.0617826008933999
1744810211,878874761,39.52950363887973,34.093292079288396,0.0,0.0,0.0,0.9983627159054317,0.057200415120262464
1744810213,79556589,35.45503654998649,33.446410271990615,0.0,0.0,0.0,0.9998266826316422,0.01861732251977907
1744810213,983128713,36.21283838639033,33.367310398618464,0.0,0.0,0.0,0.9998557502015223,0.01698466334523983
1744810216,81394665,34.456857658343516,33.4328751956244,0.0,0.0,0.0,0.9996681251649607,0.025761202013344482
1744810219,83623413,31.782361872601022,33.54748691181952,0.0,0.0,0.0,0.9997182683232386,0.023735711086567624
1744810220,884326589,28.1854223730982,33.877915154687216,0.0,0.0,0.0,0.9993122671951435,0.03708089310281091
1744810225,97498845,24.229929447955836,34.304569778396214,0.0,0.0,0.0,0.9986634806763778,0.05168415969465019
1744810228,89172177,23.140219203457377,34.36655049280996,0.0,0.0,0.0,0.999007726004633,0.0445372134630379
1744810228,989861985,23.375177299687962,34.28547200720931,0.0,0.0,0.0,0.999432494103937,0.0336851559174662
1744810231,991217517,20.805712334771034,34.5543858963149,0.0,0.0,0.0,0.9984596166298617,0.055483276393428885
1744810232,892162409,19.925264431036346,34.655238153569385,0.0,0.0,0.0,0.9985927844080446,0.05303254593349941
1744810235,893501189,17.25178498422061,34.937601176670896,0.0,0.0,0.0,0.9987200686629856,0.050578893323218015
1744810240,100738893,13.683881407555692,35.33627343152759,0.0,0.0,0.0,0.9984566295972979,0.055537003999174515
1744810242,204392353,11.90473033559218,35.54634899895944,0.0,0.0,0.0,0.9982363798027055,0.059364383584677785
1744810245,204944869,9.227244785126267,35.83030205505885,0.0,0.0,0.0,0.9988034972283688,0.04890372096660701
1744810247,901125389,6.550395996378895,36.12849361958289,0.0,0.0,0.0,0.9985196978586651,0.054391295151338455
1744810249,128214117,5.662292555224134,36.231662020905404,0.0,0.0,0.0,0.9985103019263593,0.054563512963616924
1744810250,905378285,3.8768843780581297,36.41226729113008,0.0,0.0,0.0,0.9987995408922821,0.04898445787560053
1744810253,905102753,1.1961635741607104,36.68876252591183,0.0,0.0,0.0,0.998685884709805,0.05124942615672945
1744810256,5967965,-0.5748751281099507,36.976682469468884,0.0,0.0,0.0,0.9951888056361448,0.09797571707573145
1744810258,107021985,-2.31411154839111,37.42499865966919,0.0,0.0,0.0,0.9911169806297638,0.1329929723983198
1744810259,9512393,-3.2084980509063623,37.38804160219516,0.0,0.0,0.0,-0.9997356539735988,0.022991784923767165
1744810259,908033057,-4.042665646995227,37.06562575809886,0.0,0.0,0.0,-0.9827987288307644,0.18467988143984104
1744810260,809039233,-4.775884250023652,36.55389745266085,0.0,0.0,0.0,-0.953782606602111,0.30049748641757845
1744810262,909866981,-21.702666609500472,12.343637469910576,0.0,0.0,0.0,-0.8683462263119446,0.49595849750740745
1744810264,110766693,-22.966633052188534,10.096837092830157,0.0,0.0,0.0,-0.8206365717643404,0.5714504502429503
1744810265,11169077,-22.917164641826254,9.579137245021764,0.0,0.0,0.0,-0.8017648635318715,0.5976396101378484
1744810265,911621405,-22.786151182202776,9.10138519266716,0.0,0.0,0.0,-0.7813171945329074,0.6241341534696102
1744810267,115319685,-22.600578952380936,8.63411386920076,0.0,0.0,0.0,-0.7631613840109684,0.6462079401821547
1744810268,13068473,-22.35499425401659,8.302974419806018,0.0,0.0,0.0,-0.7432918829432351,0.66896724639604
1744810269,816290185,-22.046345285059154,8.965210516083001,0.0,0.0,0.0,-0.7068564614442545,0.7073570123456098
1744810271,14862737,-21.76914197302511,9.771363781231976,0.0,0.0,0.0,-0.6941064942908715,0.7198723321417739
1744810271,917956277,-21.52138664478214,10.751051103794463,0.0,0.0,0.0,-0.6909092374963199,0.7229415090740424
1744810273,126782193,-21.298782223284192,11.988142688147512,0.0,0.0,0.0,-0.6924982070549917,0.7214195958148226
1744810274,917056313,-21.087270356612443,12.975666280563162,0.0,0.0,0.0,-0.6904960639783503,0.7233361498158418
1744810278,819461089,-20.71136799878628,10.367597613373533,0.0,0.0,0.0,-0.6883645752560532,0.7253648816509891
1744810280,920674853,-20.41593990194999,8.845410187327943,0.0,0.0,0.0,-0.6901555007034856,0.7236610980622912
1744810283,21915785,-20.147505093356553,7.304593921948797,0.0,0.0,0.0,-0.6909995559896468,0.7228551816388336
1744810286,23616101,-19.83179232124934,4.848892244853454,0.0,0.0,0.0,-0.6882454431236128,0.7254779183542266
1744810286,926861177,-19.626661883687113,4.175050184761107,0.0,0.0,0.0,-0.6911813520677176,0.7226813534012358
1744810289,928742873,-19.357784755105214,1.688503674367301,0.0,0.0,0.0,-0.6912762127647087,0.7225906155394499
1744810292,927765413,-19.02986950797017,-0.8072957063695065,0.0,0.0,0.0,-0.6824313304456283,0.730949710463182
1744810295,929448089,-18.758516457188676,-3.3180804884057813,0.0,0.0,0.0,-0.6904004548391632,0.7234274061423693
1744810298,931221833,-18.585516566607573,-5.843290219599994,0.0,0.0,0.0,-0.7021513804726651,0.7120276953183287
1744810301,32388497,-18.439870160332955,-7.479102843938237,0.0,0.0,0.0,-0.6992649646106868,0.7148625806880753
1744810304,34332221,-18.51699306845831,-10.012589404084029,0.0,0.0,0.0,-0.7568968902607754,0.6535343124225136
1744810304,936423881,-18.695818202853694,-10.724229498070445,0.0,0.0,0.0,-0.8076797020939441,0.5896214877575594
1744810307,36021413,-19.161179348328304,-12.29901453792505,0.0,0.0,0.0,-0.8087955024634333,0.5880899890279738
1744810307,936638393,-19.182958950092484,-13.062517046724697,0.0,0.0,0.0,-0.7473006066790651,0.6644861196873124
1744810309,137258097,-18.87592859059544,-13.758868722005214,0.0,0.0,0.0,-0.6046804618507665,0.7964681657517416
1744810310,38141753,-18.303417965925533,-14.391379188980771,0.0,0.0,0.0,-0.47208468993190267,0.8815532006248399
1744810310,939066257,-17.64718548268879,-14.827681172729873,0.0,0.0,0.0,-0.36615425182943623,0.9305541703024203
1744810312,141795201,-16.819751841780423,-15.202364745733174,0.0,0.0,0.0,-0.27685579946680877,0.9609114768289503
1744810313,39570953,-15.935689167055575,-15.469689843571015,0.0,0.0,0.0,-0.20777014703659932,0.9781776760897736
1744810316,41384813,-13.25486910001641,-15.997093220145086,0.0,0.0,0.0,-0.09420980978641708,0.9955523651420889
1744810318,142595685,-11.604415167456798,-16.070901972745528,0.0,0.0,0.0,-0.0369058565237693,0.9993187468241786
1744810319,943008329,-11.223415842422035,-16.003103697551044,0.0,0.0,0.0,-0.019097473073686574,0.9998176266310771
1744810320,846946333,-10.66643172974101,-15.946740008210021,0.0,0.0,0.0,-0.021789762274816504,0.999762574944675
1744810323,848416021,-7.920462273444049,-15.955346736285307,0.0,0.0,0.0,-0.017066637215661706,0.9998543543407454
1744810326,847481293,-5.177193824498678,-15.978369869146508,0.0,0.0,0.0,-0.02237793721842794,0.9997495826084891
1744810328,949491761,-3.33800760539207,-16.02455048478604,0.0,0.0,0.0,-0.035539304458004045,0.9993682793838522
1744810329,849314485,-2.4977849370006338,-16.02393752413485,0.0,0.0,0.0,-0.03866910305797333,0.9992520705351037
1744810333,152180937,0.23723950237415053,-16.106078055857374,0.0,0.0,0.0,-0.025227968311522336,0.9996817241576805
1744810334,952787117,2.02261446158868,-16.143168629134507,0.0,0.0,0.0,-0.027923738799713473,0.9996100563777084
1744810337,955184429,4.75274662658526,-16.25469958220434,0.0,0.0,0.0,-0.03009644051146517,0.9995469995295568
1744810340,955118933,7.465352258087106,-16.53976549068633,0.0,0.0,0.0,-0.062254441444467984,0.9980603110636337
1744810341,856851985,8.389681978780732,-16.608807570362558,0.0,0.0,0.0,-0.06494707753276974,0.997888709786794
1744810345,158034549,11.100065548586809,-16.892008979607247,0.0,0.0,0.0,-0.062066348181669444,0.9980720256691857
1744810349,60900845,14.708791516358016,-17.230576244253598,0.0,0.0,0.0,-0.05134351284389864,0.9986810520325538
1744810352,62395865,17.4253653548759,-17.434185646573894,0.0,0.0,0.0,-0.04270767662457907,0.9990876109517776
1744810352,963274193,18.34889980247499,-17.46792651263912,0.0,0.0,0.0,-0.04008620768429259,0.99919622494958
1744810355,63857585,20.16934224734314,-17.562983072560094,0.0,0.0,0.0,-0.03790078691428233,0.9992815070595864
1744810358,65369177,22.88113475854017,-17.78438727912033,0.0,0.0,0.0,-0.051669808603221345,0.9986642232897434
1744810358,966357305,23.799943612154024,-17.839107148300243,0.0,0.0,0.0,-0.04887594484940791,0.9988048568239332
1744810360,200264061,24.717071744802467,-17.90207142115148,0.0,0.0,0.0,-0.05270608992635713,0.9986100680869759
1744810361,67356533,23.84677141587707,-17.771757155774978,0.0,0.0,0.0,-0.049112915428499875,0.9987932326253082
1744810361,968152901,24.765572043839278,-17.81746775785742,0.0,0.0,0.0,-0.04325978158700321,0.9990638574671015
1744810364,370570733,26.578249313327007,-17.95902788393384,0.0,0.0,0.0,-0.04778679933728557,0.9988575583180507
1744810367,70529153,28.263631290427778,-18.055940205499972,0.0,0.0,0.0,-0.03522632184895645,0.9993793605278196
1744810368,874260097,29.930650930060676,-18.15423393025275,0.0,0.0,0.0,-0.03687885469208883,0.9993197436639585
1744810371,875973649,32.49619235988634,-18.293193928026355,0.0,0.0,0.0,-0.02998460638050921,0.999550360602309
1744810373,975001829,34.31034972817068,-18.231565648681894,0.0,0.0,0.0,0.03763728620324047,0.9992914663336495
1744810374,875551177,35.21953035497148,-18.09366267384145,0.0,0.0,0.0,0.06378630460941746,0.9979635801692738
1744810376,78171209,36.12617775442274,-17.94301091926043,0.0,0.0,0.0,0.07145146092177802,0.9974440779974302
1744810376,976689653,37.0108996656063,-17.68929063049811,0.0,0.0,0.0,0.1301374964926323,0.9914959566264656
1744810378,183650253,37.7757086256442,-17.171474465936058,0.0,0.0,0.0,0.2884921925098234,0.9574822478045611
1744810379,977949365,38.70996021316417,-15.604634822755608,0.0,0.0,0.0,0.4943647182016102,0.8692545803143303
1744810381,183683145,39.04465528270657,-14.74479018236373,0.0,0.0,0.0,0.567168632994441,0.8236016887714699
1744810382,79129385,39.273734256643806,-13.852693083355039,0.0,0.0,0.0,0.6165298542720535,0.7873315304185908
1744810382,979755497,39.417959377118905,-12.944613139820909,0.0,0.0,0.0,0.6534642713051666,0.7569573608385136
1744810383,880226941,39.49010453070538,-12.029473338535634,0.0,0.0,0.0,0.6832538613224869,0.7301809097668275
1744810385,80982653,39.49938512350604,-11.112922154032772,0.0,0.0,0.0,0.708198930880313,0.706012942020174
1744810385,981855809,39.45147126348232,-10.19888010054908,0.0,0.0,0.0,0.7301465845503483,0.6832905422069451
1744810388,82677977,39.08309617369457,-8.423879768866385,0.0,0.0,0.0,0.7781203747727095,0.6281151824017457
1744810388,983472149,38.85701713231771,-7.540641990223666,0.0,0.0,0.0,0.7948269054748244,0.6068362137622594
1744810389,883621033,38.60825217997703,-6.664277967905906,0.0,0.0,0.0,0.8025990484704699,0.5965188742984553
1744810391,91274285,49.13289313542718,-8.82359587902845,0.0,0.0,0.0,0.7854128147263647,0.6189723018549449
1744810391,984971189,49.66613911964558,-8.13934927236108,0.0,0.0,0.0,0.7752785248209936,0.6316195128013258
1744810394,85676057,48.47185076447657,-6.736474483876353,0.0,0.0,0.0,0.9052078137302177,0.4249691917795447
1744810394,987034409,47.75311133004029,-6.154113794778315,0.0,0.0,0.0,0.9406837292591914,0.33928472041490515
1744810396,187364277,46.98093680346935,-5.666826653034148,0.0,0.0,0.0,0.9597260390867439,0.2809375907543697
1744810397,87463097,46.22243538553023,-5.272195921955584,0.0,0.0,0.0,0.9707449028197667,0.2401131684215629
1744810397,988650065,45.399136726512005,-4.915211224096501,0.0,0.0,0.0,0.9786716227111192,0.20543090054805477
1744810398,889966885,44.555093903251816,-4.624763517452031,0.0,0.0,0.0,0.9858623160696216,0.1675574341944922
1744810400,989889881,42.81533100054273,-4.205690779318468,0.0,0.0,0.0,0.9928271046179052,0.119558940845204
1744810401,889914049,41.948035283344865,-4.018923851601229,0.0,0.0,0.0,0.9939853578980593,0.10951305074860686
1744810403,90669545,41.079418758811805,-3.8462144324338556,0.0,0.0,0.0,0.9947962649889028,0.1018842046841831
1744810403,991360481,40.21062690065982,-3.679657172734343,0.0,0.0,0.0,0.9951281118861632,0.09859026794709347
1744810406,993407489,37.57372884695768,-3.1788267233754466,0.0,0.0,0.0,0.9954658175077598,0.09511995675780999
1744810409,94009817,35.82298045284802,-2.8374438779398345,0.0,0.0,0.0,0.9951360481504552,0.09851012979128072
1744810412,95603729,33.188450350058474,-2.3261079646728975,0.0,0.0,0.0,0.9951616169119682,0.09825149477314306
1744810412,996439133,32.32118106821297,-2.155915223620252,0.0,0.0,0.0,0.9949360055137443,0.10051042200863877
1744810415,997836461,29.69625596348577,-1.5959991170102978,0.0,0.0,0.0,0.9946152573559771,0.10363633452946619
1744810418,999978713,27.062918804996652,-1.0746937037267585,0.0,0.0,0.0,0.9949621761957197,0.10025102463255693
1744810420,200475801,26.196692418193276,-0.89430312766056,0.0,0.0,0.0,0.9943867475100466,0.10580640990219262
1744810423,202112097,23.580235201573274,-0.29219153480297516,0.0,0.0,0.0,0.9928438475246678,0.11941982428564418
1744810424,102097685,22.718284668652224,-0.08868999964476726,0.0,0.0,0.0,0.99294772114536,0.11855303906790576
1744810427,104021237,20.10753389521431,0.5432882830259966,0.0,0.0,0.0,0.9928543565414645,0.11933242097868675
1744810430,105920129,17.505247543811585,1.2109209962974172,0.0,0.0,0.0,0.991730523339328,0.12833771494421484
1744810433,107371253,14.929719329586138,1.9754671525162948,0.0,0.0,0.0,0.988312309298701,0.15244270821744443
1744810437,26835937,11.480060641129596,2.957942673844536,0.0,0.0,0.0,0.9916183088197601,0.12920189477495606
1744810437,912321709,10.620220665216767,3.1805018200330637,0.0,0.0,0.0,0.991708352031952,0.12850892774461245
1744810440,911412277,8.017321137713662,3.854185096241693,0.0,0.0,0.0,0.9922380309493803,0.12435308575864326
1744810444,814087665,4.520186332905353,4.661738676055528,0.0,0.0,0.0,0.993954518442293,0.10979260115394608
1744810446,914380417,2.965485309577711,5.011755600583841,0.0,0.0,0.0,0.993446140096665,0.11430121052306288
1744810448,115438841,2.097072749039002,5.207584339898528,0.0,0.0,0.0,0.9936245328975262,0.11273991140750853
1744810449,15761881,1.2296522152183,5.409583850186502,0.0,0.0,0.0,0.9932351559882787,0.11612030360337385
1744810449,916187233,0.3626143910218447,5.614989372020019,0.0,0.0,0.0,0.9930207607909645,0.11793968220295543
1744810452,17448217,-1.3649805839800466,6.088573294928601,0.0,0.0,0.0,0.9909523618119994,0.13421407012388917
1744810452,920210893,-2.196370417368936,6.410283020558884,0.0,0.0,0.0,0.9827965595155923,0.18469142536759744
1744810454,128506373,-3.004197133250619,6.78787884090732,0.0,0.0,0.0,0.9760190328707743,0.21768520269875571
1744810455,20175853,-3.7831434997101736,7.222500390320107,0.0,0.0,0.0,0.9676736163226785,0.25220581332116376
1744810456,822005793,-5.500277545541072,7.737523315107207,0.0,0.0,0.0,0.989302779346031,0.1458766971733953
1744810458,20759545,-6.393614775108027,7.697935430968508,0.0,0.0,0.0,-0.9998082745591839,0.01958096328038215
1744810459,223015653,-7.2010301310375535,7.307919337091009,0.0,0.0,0.0,-0.9755652127387313,0.21971007189938732
1744810461,22179793,-7.538810037953397,6.783675508277378,0.0,0.0,0.0,-0.88054328785767,0.4739657352687053
1744810462,824939061,-7.637362316010815,6.365462821587732,0.0,0.0,0.0,-0.7883109386697892,0.6152770627721758
1744810464,42375865,-6.513467254081121,-6.38074651873943,0.0,0.0,0.0,-0.6300121187220856,0.7765853013438438
1744810465,224460777,-6.313763208300957,-7.567878176363427,0.0,0.0,0.0,-0.5075456551091416,0.8616248649962652
1744810466,148190921,-6.177440087494016,-7.92225275285832,0.0,0.0,0.0,-0.48414541775692804,0.8749875510342816
1744810467,27060133,-6.109613125288684,-8.157431677420627,0.0,0.0,0.0,-0.4564659198117918,0.8897408971438678
1744810467,926452777,-6.091926570864175,-8.309952361623314,0.0,0.0,0.0,-0.4342696073967291,0.9007829417187532
1744810469,126791789,-5.999149236420786,-8.52629985529003,0.0,0.0,0.0,-0.40519551176030055,0.9142300570695038
1744810470,927205453,-4.999239506420723,-9.520123886491941,0.0,0.0,0.0,-0.3580483148644758,0.9337030599835845
1744810472,128326013,-4.357855193038278,-10.151104846351984,0.0,0.0,0.0,-0.34560318939918827,0.9383807518684028
1744810473,29972725,-3.701395618946437,-10.762708179881834,0.0,0.0,0.0,-0.3359853438849482,0.9418672139396896
1744810473,929193565,-3.0348468631153276,-11.360905670784348,0.0,0.0,0.0,-0.3301290936673744,0.9439357931100811
1744810475,160181489,-2.3536544331800044,-11.93984232703893,0.0,0.0,0.0,-0.3200492103516255,0.9474009198609114
1744810477,262816989,-0.6379458578375802,-12.400872494528215,0.0,0.0,0.0,-0.12074789057859024,0.9926832057211509
1744810478,147076481,0.22895875567929286,-12.509466989220307,0.0,0.0,0.0,-0.045531760299706785,0.9989628916050937
1744810479,37011529,1.101933279142997,-12.532850684646043,0.0,0.0,0.0,0.00036430010602168526,0.9999999336427142
1744810479,933550333,1.9743508583428264,-12.484672826951735,0.0,0.0,0.0,0.038848123428024815,0.9992451267362383
1744810481,133465049,-5.194476041549132,-13.962155587609299,0.0,0.0,0.0,-0.12083048056872701,0.9926731561624553
1744810482,37820425,-1.0993457948957124,-13.963768457450685,0.0,0.0,0.0,-0.08096925166489168,0.9967165997839242
1744810482,934058149,1.535942283153591,-17.294570886720123,0.0,0.0,0.0,0.06245423183573541,0.9980478289770527
1744810485,34827853,3.5337045212249123,-17.435786992090584,0.0,0.0,0.0,0.10997507353021847,0.9939343455188693
1744810485,938002429,4.428583859706605,-17.115722322996668,0.0,0.0,0.0,0.10316392461861933,0.9946643678433865
1744810488,938267857,6.662388805594102,-17.385440158379684,0.0,0.0,0.0,0.0030549522188407143,0.9999953336225827
1744810491,40893109,8.335930912653458,-17.939799170063893,0.0,0.0,0.0,-0.10455964296533321,0.9945186177558276
1744810494,41208997,11.032243818512129,-18.412477936477472,0.0,0.0,0.0,-0.08327544302680327,0.9965265679291695
1744810494,940319629,11.940186016738704,-18.586307109230006,0.0,0.0,0.0,-0.08403250268859583,0.9964630141113573
1744810497,41541589,13.728708177888832,-18.897557472165676,0.0,0.0,0.0,-0.08248229266896556,0.9965925302730656
1744810497,941556589,14.622820298554771,-19.06210418047679,0.0,0.0,0.0,-0.08625511011545282,0.9962730830344515
1744810500,42703345,15.673014914494257,-18.066582944425086,0.0,0.0,0.0,-0.01413388983181201,0.9999001115902639
1744810500,945792685,16.462313641663194,-17.858170738435128,0.0,0.0,0.0,0.03519344306356008,0.999380518904252
1744810502,144735713,17.35552872739393,-17.786123082414782,0.0,0.0,0.0,0.024346788479075513,0.9997035730108976
1744810504,845421273,20.043138710376162,-17.633306339805245,0.0,0.0,0.0,0.024522872612904343,0.9996992691398805
1744810507,846998865,22.730826180573047,-17.52931126885068,0.0,0.0,0.0,0.011371541397346663,0.9999353419327914
1744810509,50307073,23.619214505949614,-17.50657311098957,0.0,0.0,0.0,0.008517758752653615,0.999963723234914
1744810511,148264145,25.407229777602787,-17.491452412287067,0.0,0.0,0.0,0.003347080288543269,0.9999943985110827
1744810515,50638825,28.994895266007383,-17.45756157967522,0.0,0.0,0.0,0.004868953933873569,0.9999881465735431
1744810515,950639101,29.882562144275514,-17.447837888456768,0.0,0.0,0.0,0.004717908945882782,0.9999888706056574
1744810518,952388509,32.569798901168305,-17.398644229634243,0.0,0.0,0.0,0.008572949202621324,0.999963251595762
1744810521,956567125,35.25710221798767,-17.352802919444475,0.0,0.0,0.0,0.0067515437257665714,0.9999772080689234
1744810523,159293141,36.144872748232395,-17.346603700903938,0.0,0.0,0.0,0.005451557848882759,0.9999851401481026
1744810524,958126789,37.883426981493045,-17.316855640588045,0.0,0.0,0.0,0.010433570891019334,0.9999455688178542
1744810527,959890537,40.57066144531977,-17.256363503979067,0.0,0.0,0.0,0.013408007006068106,0.9999101086338338
1744810528,861363573,41.45779861383141,-17.219065237268993,0.0,0.0,0.0,0.02458352435318844,0.9996977794965718
1744810530,958524601,43.2114152900615,-16.874349155949446,0.0,0.0,0.0,0.09826211830558462,0.9951605680020181
1744810532,165721265,43.95992028655795,-16.625977539403475,0.0,0.0,0.0,0.16211255623142792,0.9867722731776122
1744810533,59917285,44.46781152980361,-16.23497077579512,0.0,0.0,0.0,0.3221826594104211,0.9466775237509489
1744810535,160161569,44.85280662974738,-15.415805966382344,0.0,0.0,0.0,0.5332515313863821,0.8459567390086081
1744810536,61851745,44.934345470476174,-15.075540177063505,0.0,0.0,0.0,0.61070986502651,0.7918544441747497
1744810536,963143365,44.97726866632931,-14.628240358369922,0.0,0.0,0.0,0.6652470592707638,0.7466232986798637
1744810539,62722429,45.13212974387578,-16.06317657514383,0.0,0.0,0.0,0.7464257921261733,0.6654686595541632
1744810539,963597169,45.22295772583426,-16.58334682761432,0.0,0.0,0.0,0.7722584625260649,0.635308481807758
1744810540,867263409,45.30003515976693,-16.905178794689757,0.0,0.0,0.0,0.7958175773639459,0.6055364427997543
1744810544,165620489,48.751511220856756,-14.659929849713418,0.0,0.0,0.0,0.7568806905448817,0.6535530738052595
1744810545,68134189,48.87384708290975,-12.800372620185023,0.0,0.0,0.0,0.7762880895318973,0.6303783007456054
1744810545,967763425,48.57456597299801,-11.956242552140827,0.0,0.0,0.0,0.7991122820633302,0.6011818033303542
1744810548,969221677,47.80125690265764,-9.378015452034735,0.0,0.0,0.0,0.804035900343373,0.5945807522608023
1744810550,178810589,47.36716332648898,-9.005921940591072,0.0,0.0,0.0,0.891831395598806,0.4523679495988704
1744810551,970935241,45.8239310705889,-8.22063772151525,0.0,0.0,0.0,0.96496384894094,0.2623828695572306
1744810553,170230925,45.27530362225151,-8.020096537537984,0.0,0.0,0.0,0.9768960389630021,0.21371506511801305
1744810554,70755253,44.901555642854554,-7.92679673449692,0.0,0.0,0.0,0.9860829259497619,0.166254212428908
1744810554,972397429,44.384074925280444,-7.816945320701621,0.0,0.0,0.0,0.9916496942298616,0.12896078448048426
1744810556,171888413,43.73079023420559,-7.583245230641142,0.0,0.0,0.0,0.9903684836305129,0.13845673198295014
1744810557,74499349,43.305467056609814,-7.415192547953413,0.0,0.0,0.0,0.9886274779257258,0.15038520502435895
1744810558,273120693,41.271941633905975,-7.3834494182303,0.0,0.0,0.0,0.9944610766736172,0.10510550404783803
1744810560,73257973,39.114885691739794,-7.279019714335707,0.0,0.0,0.0,0.9987889248363454,0.049200443333949045
1744810560,973675513,40.33409255091452,-7.352982599379303,0.0,0.0,0.0,0.9966148853517083,0.08221174061775702
1744810563,75172525,41.905469847748506,-7.5057023271786765,0.0,0.0,0.0,0.9933630187309734,0.11502135896296718
1744810565,175821293,37.47571482722627,-7.064475185567431,0.0,0.0,0.0,0.9954951759460693,0.09481220737913759
1744810566,978105577,35.7963115948595,-6.765014272012625,0.0,0.0,0.0,0.9955616003177304,0.09411216697536778
1744810569,78204037,33.989971611944625,-6.573675350263377,0.0,0.0,0.0,0.995453030428117,0.09525368345359887
1744810570,278462397,33.1007346921793,-6.4941209025712325,0.0,0.0,0.0,0.9956885369371606,0.09275956776492877
1744810572,80587345,34.067078793512216,-6.599282030863432,0.0,0.0,0.0,0.9953626038601943,0.0961940062407949
1744810572,980456581,33.16040335634887,-6.503220965591481,0.0,0.0,0.0,0.9952849975395647,0.0969936785191117
1744810573,881168781,31.846766043407133,-6.313510326609758,0.0,0.0,0.0,0.995175486384648,0.09811091325168232
1744810576,883205169,28.23416648057934,-5.892280472243632,0.0,0.0,0.0,0.9954490273001877,0.09529550906055431
1744810578,83308585,27.38138280215759,-5.737292728639474,0.0,0.0,0.0,0.995846505842582,0.09104799174677193
1744810579,885313425,25.634159383013923,-5.399241537718455,0.0,0.0,0.0,0.995322661039475,0.0966064201867475
1744810584,85990189,22.11163026474148,-4.725176955983031,0.0,0.0,0.0,0.9960475841474785,0.08882122558246767
1744810587,104150833,19.461401569490548,-4.257254808793114,0.0,0.0,0.0,0.9962042537087364,0.08704645249876287
1744810590,988608001,15.918946054670759,-3.6489736283251712,0.0,0.0,0.0,0.9965695183898042,0.0827598635590562
1744810591,890151513,15.083818072608349,-3.5052254394151503,0.0,0.0,0.0,0.9966071144339512,0.08230588958047462
1744810596,91541053,12.212466811660997,-3.0246718873010083,0.0,0.0,0.0,0.9961254978826245,0.08794312064109096
1744810596,994421377,11.330853583077808,-2.848335037529961,0.0,0.0,0.0,0.9954218605460179,0.09557886558807915
1744810599,93083077,9.613268750276234,-2.5092540106848267,0.0,0.0,0.0,0.995555196840515,0.09417988131147433
1744810600,895845165,7.842881994215274,-2.1829753928124536,0.0,0.0,0.0,0.9959886173070495,0.08948002120468967
1744810602,994982485,6.073780021226424,-1.8478593122954954,0.0,0.0,0.0,0.9959343304110021,0.09008223747659093
1744810605,998926153,3.42134696599117,-1.3392530194864372,0.0,0.0,0.0,0.995128048339976,0.0985909093530961
1744810606,899088729,2.541556751103548,-1.1442424214320956,0.0,0.0,0.0,0.9944159950367643,0.10553117461225431
1744810608,999049273,0.786586836795887,-0.7383015887890858,0.0,0.0,0.0,0.9937337532692455,0.1117731077380348
1744810609,897832197,-0.06795208147898582,-0.4497452478342211,0.0,0.0,0.0,0.9872966941781793,0.1588875000270271
