stamp_sec,stamp_nsec,current_id,relative_rad,feature_count
1744809445,993635027,1,0.0,0
1744809446,993516050,1,0.0,0
1744809448,2829482,2,0.0,0
1744809449,955342623,2,0.0,0
1744809451,977183945,3,0.0,0
1744809452,906084198,4,0.0,0
1744809453,985809726,4,0.0,0
1744809454,930966245,5,0.0,0
1744809456,27408359,6,0.0,0
1744809457,900027480,7,0.0,0
1744809458,947061463,6,0.0,0
1744809459,876122314,8,0.0,0
1744809461,887234770,8,0.0,0
1744809462,972675687,8,0.0,0
1744809463,875184250,9,0.0,0
1744809464,813639084,10,0.0,0
1744809466,28279926,10,0.0,0
1744809468,43956635,10,0.0,0
1744809469,54736254,11,0.0,0
1744809469,816959283,12,0.0,0
1744809470,836428394,12,0.0,0
1744809471,860488798,12,0.0,0
1744809472,889891522,13,0.0,0
1744809474,966243615,14,0.0,0
1744809476,16191829,15,0.0,0
1744809476,808710528,16,0.0,0
1744809477,868143025,17,0.0,0
1744809478,934657880,18,0.0,0
1744809480,2002044,19,0.0,0
1744809480,813105610,20,0.0,0
1744809482,981859012,21,0.0,0
1744809483,798180079,22,0.0,0
1744809484,899388151,22,0.0,0
1744809486,2178277,23,0.0,0
1744809486,833490544,24,0.0,0
1744809487,940904865,25,0.0,0
1744809488,777537965,26,0.0,0
1744809491,14898886,27,0.0,0
1744809491,856464881,28,0.0,0
1744809492,988866266,29,0.0,0
1744809493,834261677,28,0.0,0
1744809494,977297200,30,0.0,0
1744809495,829684665,31,0.0,0
1744809497,842074656,31,0.0,0
1744809499,858663411,31,0.0,0
1744809501,18814733,32,0.0,0
1744809501,888474667,32,0.0,0
1744809503,58945324,32,0.0,0
1744809503,935063835,33,0.0,0
1744809504,817970294,33,0.0,0
1744809505,997910091,33,0.0,0
1744809507,778543956,34,0.0,0
1744809508,968665027,34,0.0,0
1744809509,863573646,35,0.0,0
1744809511,50883008,35,0.0,0
1744809511,947528169,35,0.0,0
1744809512,847029881,36,0.0,0
1744809514,47517201,36,0.0,0
1744809515,847885913,37,0.0,0
1744809517,47395005,37,0.0,0
1744809517,947306793,37,0.0,0
1744809520,47434653,37,0.0,0
1744809520,947049249,38,0.0,0
1744809521,847371689,38,0.0,0
1744809523,47260569,39,0.0,0
1744809524,849487601,40,0.0,0
1744809526,47781441,40,0.0,0
1744809527,847017821,40,0.0,0
1744809529,46792341,39,0.0,0
1744809529,947043969,41,0.0,0
1744809530,847077821,42,0.0,0
1744809532,46549389,43,0.0,0
1744809533,846578417,42,0.0,0
1744809535,46425969,44,0.0,0
1744809535,947250069,45,0.0,0
1744809536,848543405,46,0.0,0
1744809538,46332201,47,0.0,0
1744809539,846983369,48,0.0,0
1744809541,947086245,49,0.0,0
1744809542,846997505,50,0.0,0
1744809544,45986973,50,0.0,0
1744809544,946003809,51,0.0,0
1744809545,845901389,51,0.0,0
1744809547,45816969,52,0.0,0
1744809548,847214561,52,0.0,0
1744809550,45670077,52,0.0,0
1744809550,949601877,52,0.0,0
1744809551,847073813,52,0.0,0
1744809553,46030785,53,0.0,0
1744809553,947131557,53,0.0,0
1744809554,846987257,53,0.0,0
1744809556,946781829,53,0.0,0
1744809557,847107077,54,0.0,0
1744809559,45327957,54,0.0,0
1744809559,947167785,54,0.0,0
1744809560,846988181,55,0.0,0
1744809562,45033573,55,0.0,0
1744809563,847022825,55,0.0,0
1744809565,44844105,55,0.0,0
1744809565,947116833,55,0.0,0
1744809566,844588781,56,0.0,0
1744809568,44245125,57,0.0,0
1744809568,947126889,57,0.0,0
1744809569,847074917,57,0.0,0
1744809571,947816781,57,0.0,0
1744809572,844597337,58,0.0,0
1744809574,44671401,58,0.0,0
1744809574,946289973,58,0.0,0
1744809577,44833773,58,0.0,0
1744809577,944820345,59,0.0,0
1744809578,847054925,60,0.0,0
1744809580,44340129,60,0.0,0
1744809581,844050221,61,0.0,0
1744809583,44040969,62,0.0,0
1744809583,943943265,62,0.0,0
1744809584,846566801,63,0.0,0
1744809586,43871841,63,0.0,0
1744809586,946805229,63,0.0,0
1744809589,43779645,64,0.0,0
1744809589,946507485,65,0.0,0
1744809590,845906429,65,0.0,0
1744809592,43440309,66,0.0,0
1744809592,949331109,66,0.0,0
1744809595,47177109,67,0.0,0
1744809595,946231725,68,0.0,0
1744809596,843779525,69,0.0,0
1744809598,48074121,70,0.0,0
1744809598,943578285,71,0.0,0
1744809599,843475397,72,0.0,0
1744809601,43096653,73,0.0,0
1744809602,843509021,74,0.0,0
1744809604,42895353,75,0.0,0
1744809604,944331153,76,0.0,0
1744809605,843013949,76,0.0,0
1744809607,42688581,77,0.0,0
1744809607,942695745,78,0.0,0
1744809608,843078881,79,0.0,0
1744809610,943719993,80,0.0,0
1744809611,845418137,80,0.0,0
1744809613,62819973,81,0.0,0
1744809613,943003965,81,0.0,0
1744809614,842791937,81,0.0,0
1744809616,42191757,81,0.0,0
1744809617,842568149,81,0.0,0
1744809619,41977665,82,0.0,0
1744809619,942894573,82,0.0,0
1744809620,842401445,82,0.0,0
1744809622,41961069,82,0.0,0
1744809623,842298605,83,0.0,0
1744809625,42434289,83,0.0,0
1744809625,944654565,83,0.0,0
1744809626,841618745,83,0.0,0
1744809628,941833065,84,0.0,0
1744809629,842142605,84,0.0,0
1744809631,41472093,85,0.0,0
1744809631,944479989,85,0.0,0
1744809632,841710581,85,0.0,0
1744809634,941136141,85,0.0,0
1744809635,841644821,86,0.0,0
1744809637,41201253,86,0.0,0
1744809637,943023417,87,0.0,0
1744809638,841522157,88,0.0,0
1744809640,40953165,88,0.0,0
1744809640,943850073,89,0.0,0
1744809643,40832061,89,0.0,0
1744809643,943805097,89,0.0,0
1744809644,841203605,90,0.0,0
1744809646,41103285,90,0.0,0
1744809646,940619805,91,0.0,0
1744809647,841031525,91,0.0,0
1744809649,942326169,92,0.0,0
1744809650,840662873,93,0.0,0
1744809652,40462509,93,0.0,0
1744809652,940367481,94,0.0,0
1744809653,840623285,95,0.0,0
1744809655,40202613,96,0.0,0
1744809656,840155609,97,0.0,0
1744809658,40041525,97,0.0,0
1744809658,942830841,98,0.0,0
1744809659,840484493,99,0.0,0
1744809661,40167261,100,0.0,0
1744809662,840427253,101,0.0,0
1744809664,43542009,102,0.0,0
1744809664,941108313,103,0.0,0
1744809665,840605021,104,0.0,0
1744809667,40976601,105,0.0,0
1744809667,939887817,105,0.0,0
1744809670,43930317,105,0.0,0
1744809670,942300297,106,0.0,0
1744809671,839418773,106,0.0,0
1744809673,39496557,107,0.0,0
1744809673,941968893,108,0.0,0
1744809674,839645141,108,0.0,0
1744809676,39456513,106,0.0,0
1744809677,839490605,106,0.0,0
1744809679,39030633,109,0.0,0
1744809679,941657817,109,0.0,0
1744809680,838902089,107,0.0,0
1744809682,38736261,109,0.0,0
1744809683,838766693,109,0.0,0
1744809685,38594805,109,0.0,0
1744809686,838577837,109,0.0,0
1744809688,44476185,109,0.0,0
1744809688,941369361,110,0.0,0
1744809689,838844465,110,0.0,0
1744809691,38442837,111,0.0,0
1744809691,940667577,111,0.0,0
1744809692,838221317,111,0.0,0
1744809694,940830765,112,0.0,0
1744809695,838206941,112,0.0,0
1744809697,38113977,112,0.0,0
1744809697,940112745,112,0.0,0
1744809698,837982757,112,0.0,0
1744809700,38606157,113,0.0,0
1744809701,837860297,113,0.0,0
1744809703,37910577,114,0.0,0
1744809703,938363913,114,0.0,0
1744809704,838101785,115,0.0,0
1744809706,56133165,114,0.0,0
1744809707,837537401,116,0.0,0
1744809709,37723293,117,0.0,0
1744809709,940089789,117,0.0,0
1744809710,837345497,118,0.0,0
1744809712,37680189,119,0.0,0
1744809712,937198929,119,0.0,0
1744809713,837127985,120,0.0,0
1744809715,939662361,121,0.0,0
1744809717,137696713,121,0.0,0
1744809718,41804349,122,0.0,0
1744809718,936848961,123,0.0,0
1744809721,36770709,124,0.0,0
1744809721,36770709,125,0.0,0
1744809722,836655797,126,0.0,0
1744809724,36729609,127,0.0,0
1744809724,936635421,128,0.0,0
1744809725,837157109,128,0.0,0
1744809727,36865245,129,0.0,0
1744809727,936941841,130,0.0,0
1744809730,37067925,131,0.0,0
1744809731,837003437,132,0.0,0
1744809733,52975113,133,0.0,0
1744809733,937007853,28,0.0,0
1744809734,839518289,134,0.0,0
1744809736,48608973,135,0.0,0
1744809736,938737005,136,0.0,0
1744809737,838954373,137,0.0,0
1744809739,53110941,137,0.0,0
1744809739,940409553,138,0.0,0
1744809742,49821849,139,0.0,0
1744809742,972172941,140,0.0,0
1744809743,844364597,140,0.0,0
1744809745,50475465,141,0.0,0
1744809745,947185965,141,0.0,0
1744809746,846955385,142,0.0,0
1744809748,968256969,143,0.0,0
1744809749,849122417,144,0.0,0
1744809751,61455777,144,0.0,0
1744809751,950577645,144,0.0,0
1744809752,851670053,145,0.0,0
1744809754,56525205,146,0.0,0
1744809755,853919729,147,0.0,0
1744809757,54800925,148,0.0,0
1744809757,955493229,149,0.0,0
1744809759,168081121,150,0.0,0
1744809760,71515017,151,0.0,0
1744809760,958590897,152,0.0,0
1744809761,858784997,153,0.0,0
1744809763,961077345,154,0.0,0
1744809764,861409085,155,0.0,0
1744809766,62288721,155,0.0,0
1744809766,962852997,156,0.0,0
1744809767,863387729,157,0.0,0
1744809769,68409321,157,0.0,0
1744809769,965767773,158,0.0,0
1744809772,72997833,158,0.0,0
1744809772,967888641,159,0.0,0
1744809773,868375745,160,0.0,0
1744809775,80308641,161,0.0,0
1744809775,992634249,162,0.0,0
1744809776,871025705,163,0.0,0
1744809778,72111885,163,0.0,0
1744809778,974031009,164,0.0,0
1744809781,77176869,165,0.0,0
1744809781,977595357,166,0.0,0
1744809782,877598681,167,0.0,0
1744809784,91829685,168,0.0,0
1744809784,978892065,169,0.0,0
1744809785,879281957,170,0.0,0
1744809787,79494933,171,0.0,0
1744809788,881238773,171,0.0,0
1744809790,81428877,171,0.0,0
1744809790,981840177,172,0.0,0
1744809791,884496029,172,0.0,0
1744809793,99302121,173,0.0,0
1744809793,984719301,173,0.0,0
1744809794,887056877,173,0.0,0
1744809796,988394601,173,0.0,0
1744809797,888581165,173,0.0,0
1744809799,88838253,173,0.0,0
1744809799,989740413,174,0.0,0
1744809800,893746253,174,0.0,0
1744809803,894756233,174,0.0,0
1744809804,793723897,174,0.0,0
1744809805,995177577,174,0.0,0
1744809806,896785205,175,0.0,0
1744809808,112688385,175,0.0,0
1744809808,996853737,176,0.0,0
1744809809,898957097,176,0.0,0
1744809810,797958073,176,0.0,0
1744809812,900222221,176,0.0,0
1744809813,803159341,177,0.0,0
1744809815,2158721,177,0.0,0
1744809815,903334409,178,0.0,0
1744809816,805428277,178,0.0,0
1744809818,3933317,178,0.0,0
1744809819,804899989,178,0.0,0
1744809821,6139409,178,0.0,0
1744809821,908650265,179,0.0,0
1744809822,810049549,179,0.0,0
1744809824,9068681,179,0.0,0
1744809824,911484917,179,0.0,0
1744809827,10574345,180,0.0,0
1744809828,814736317,180,0.0,0
1744809829,112203477,180,0.0,0
1744809830,13200113,181,0.0,0
1744809831,814442281,181,0.0,0
1744809833,15361277,181,0.0,0
1744809834,819133993,182,0.0,0
1744809836,17690681,182,0.0,0
1744809836,919772093,182,0.0,0
1744809837,818972185,183,0.0,0
1744809839,20267069,184,0.0,0
1744809839,923045621,185,0.0,0
1744809840,824083477,184,0.0,0
1744809842,923151833,186,0.0,0
1744809843,826480537,186,0.0,0
1744809845,25256849,187,0.0,0
1744809846,828772093,188,0.0,0
1744809848,27175697,189,0.0,0
1744809849,830839177,190,0.0,0
1744809851,930860873,191,0.0,0
1744809852,831068665,192,0.0,0
1744809854,31966145,193,0.0,0
1744809854,934596737,194,0.0,0
1744809855,835655737,195,0.0,0
1744809857,34259561,196,0.0,0
1744809857,938000237,196,0.0,0
1744809860,36244133,197,0.0,0
1744809860,939268985,196,0.0,0
1744809861,840440377,196,0.0,0
1744809863,38598917,198,0.0,0
1744809863,941545901,198,0.0,0
1744809864,842697505,198,0.0,0
1744809866,942129365,198,0.0,0
1744809867,844672261,199,0.0,0
1744809869,43248953,199,0.0,0
1744809869,945643961,199,0.0,0
1744809870,844447285,198,0.0,0
1744809872,45433409,200,0.0,0
1744809873,848988229,200,0.0,0
1744809875,47726393,200,0.0,0
1744809875,949817561,200,0.0,0
1744809876,851971861,200,0.0,0
1744809878,50153957,201,0.0,0
1744809879,852791137,201,0.0,0
1744809881,52282409,201,0.0,0
1744809881,954176285,201,0.0,0
1744809882,853643749,202,0.0,0
1744809884,65213405,202,0.0,0
1744809884,957486041,203,0.0,0
1744809885,855864649,203,0.0,0
1744809887,57205841,204,0.0,0
1744809888,860796817,205,0.0,0
1744809890,960868493,205,0.0,0
1744809891,860648893,205,0.0,0
1744809893,61415909,205,0.0,0
1744809893,964428281,206,0.0,0
1744809894,865432873,206,0.0,0
1744809896,966566057,207,0.0,0
1744809897,864925537,207,0.0,0
1744809899,66305909,208,0.0,0
1744809899,966929429,209,0.0,0
1744809900,867133717,210,0.0,0
1744809902,68288045,211,0.0,0
1744809902,970769561,212,0.0,0
1744809905,70309577,213,0.0,0
1744809905,973346765,214,0.0,0
1744809906,873041461,215,0.0,0
1744809908,72768737,216,0.0,0
1744809908,975351317,217,0.0,0
1744809909,873815185,215,0.0,0
1744809911,74771549,218,0.0,0
1744809912,878705497,219,0.0,0
1744809913,778686333,217,0.0,0
1744809914,977600597,220,0.0,0
1744809915,879087349,220,0.0,0
1744809917,79384793,220,0.0,0
1744809918,880397797,221,0.0,0
1744809920,83895485,221,0.0,0
1744809921,885364837,221,0.0,0
1744809923,83584241,221,0.0,0
1744809923,987136313,221,0.0,0
1744809924,887774389,221,0.0,0
1744809926,987225821,222,0.0,0
1744809929,92565545,222,0.0,0
1744809929,92565545,222,0.0,0
1744809929,988289153,222,0.0,0
1744809930,891148477,222,0.0,0
1744809931,791599869,222,0.0,0
1744809933,891539521,222,0.0,0
1744809935,995213933,222,0.0,0
1744809936,896970913,223,0.0,0
1744809937,795204273,223,0.0,0
1744809938,995224757,223,0.0,0
1744809939,898802725,223,0.0,0
1744809941,998077133,224,0.0,0
1744809942,900289417,224,0.0,0
1744809943,801308493,224,0.0,0
1744809945,1858345,224,0.0,0
1744809945,902770441,224,0.0,0
1744809946,803002449,224,0.0,0
1744809948,903003073,225,0.0,0
1744809949,804538413,225,0.0,0
1744809951,5064745,226,0.0,0
1744809951,904870129,227,0.0,0
1744809952,806867949,228,0.0,0
1744809954,13217317,229,0.0,0
1744809955,808110141,230,0.0,0
1744809957,10972345,231,0.0,0
1744809957,911799445,225,0.0,0
1744809958,812430177,232,0.0,0
1744809960,10482325,233,0.0,0
1744809960,912938809,234,0.0,0
1744809963,12121969,235,0.0,0
1744809963,913345201,236,0.0,0
1744809964,814041297,237,0.0,0
1744809966,17139553,238,0.0,0
1744809966,915083761,239,0.0,0
1744809967,818692713,239,0.0,0
1744809969,16928677,239,0.0,0
1744809970,820350573,239,0.0,0
1744809972,19091449,240,0.0,0
1744809972,922589809,238,0.0,0
1744809975,21256057,239,0.0,0
1744809975,21256057,241,0.0,0
1744809976,824060145,242,0.0,0
1744809978,23391493,243,0.0,0
1744809978,924115465,244,0.0,0
1744809979,827282097,245,0.0,0
1744809981,25548097,246,0.0,0
1744809982,827233125,247,0.0,0
1744809984,27637585,248,0.0,0
1744809984,928375909,249,0.0,0
1744809985,828943053,250,0.0,0
1744809987,29843641,250,0.0,0
1744809987,931588117,248,0.0,0
1744809988,833186205,251,0.0,0
1744809990,934835869,251,0.0,0
1744809991,836008497,251,0.0,0
1744809993,34046029,251,0.0,0
1744809993,937411021,251,0.0,0
1744809994,838209369,252,0.0,0
1744809996,36238465,252,0.0,0
1744809996,936955081,253,0.0,0
1744809999,39140929,253,0.0,0
1744809999,938913733,254,0.0,0
1744810000,841937805,254,0.0,0
1744810002,40362421,254,0.0,0
1744810002,941056849,254,0.0,0
1744810003,844357053,255,0.0,0
1744810005,944604577,255,0.0,0
1744810006,845965701,255,0.0,0
1744810008,44663293,256,0.0,0
1744810008,948376777,256,0.0,0
1744810011,46911577,256,0.0,0
1744810011,950333485,256,0.0,0
1744810012,850092129,257,0.0,0
1744810014,48800653,257,0.0,0
1744810014,949555969,258,0.0,0
1744810015,850457601,258,0.0,0
1744810017,950991253,258,0.0,0
1744810018,852125685,259,0.0,0
1744810020,956392189,259,0.0,0
1744810023,55156513,260,0.0,0
1744810023,55156513,261,0.0,0
1744810023,958532089,262,0.0,0
1744810026,57441721,263,0.0,0
1744810026,957792241,264,0.0,0
1744810027,858435453,264,0.0,0
1744810029,60265657,265,0.0,0
1744810029,960539161,266,0.0,0
1744810030,861875181,267,0.0,0
1744810032,963090853,267,0.0,0
1744810033,862664037,268,0.0,0
1744810035,964169053,268,0.0,0
1744810036,867238773,269,0.0,0
1744810038,65470069,270,0.0,0
1744810038,967791661,271,0.0,0
1744810039,869025057,272,0.0,0
1744810041,968123173,272,0.0,0
1744810042,871163889,273,0.0,0
1744810044,69541597,274,0.0,0
1744810044,970243993,275,0.0,0
1744810045,871792725,276,0.0,0
1744810047,78258973,277,0.0,0
1744810048,872900361,215,0.0,0
1744810050,74266345,278,0.0,0
1744810050,974291917,279,0.0,0
1744810051,874954785,218,0.0,0
1744810053,75921097,219,0.0,0
1744810053,976405825,220,0.0,0
1744810054,877044345,221,0.0,0
1744810056,978456241,280,0.0,0
1744810057,881424825,280,0.0,0
1744810059,79828525,280,0.0,0
1744810059,980592601,280,0.0,0
1744810060,883481505,221,0.0,0
1744810061,781641161,221,0.0,0
1744810062,982396681,221,0.0,0
1744810064,784210625,221,0.0,0
1744810065,984209041,222,0.0,0
1744810066,886645377,281,0.0,0
1744810068,86626273,281,0.0,0
1744810068,987020017,281,0.0,0
1744810069,889629633,282,0.0,0
1744810071,88387453,283,0.0,0
1744810071,988459189,283,0.0,0
1744810074,90617881,283,0.0,0
1744810074,991229929,284,0.0,0
1744810075,891306585,284,0.0,0
1744810077,92221273,284,0.0,0
1744810078,895456329,284,0.0,0
1744810079,794128745,285,0.0,0
1744810081,898096257,285,0.0,0
1744810082,798531533,285,0.0,0
1744810083,999130669,286,0.0,0
1744810084,899023473,286,0.0,0
1744810086,97911157,286,0.0,0
1744810086,999013573,286,0.0,0
1744810088,211779257,286,0.0,0
1744810089,100144297,286,0.0,0
1744810090,901215273,287,0.0,0
1744810092,102438049,287,0.0,0
1744810093,906106233,288,0.0,0
1744810094,805379573,289,0.0,0
1744810095,108655609,229,0.0,0
1744810096,908138457,290,0.0,0
1744810098,106427701,291,0.0,0
1744810099,6463713,292,0.0,0
1744810099,907211577,293,0.0,0
1744810101,113802313,294,0.0,0
1744810102,8143341,295,0.0,0
1744810103,811169477,296,0.0,0
1744810105,10385625,297,0.0,0
1744810105,910922925,298,0.0,0
1744810106,811719509,299,0.0,0
1744810108,12431313,300,0.0,0
1744810108,913215573,301,0.0,0
1744810111,14487381,302,0.0,0
1744810111,915152685,240,0.0,0
1744810112,815787113,302,0.0,0
1744810114,16828101,239,0.0,0
1744810114,919776441,241,0.0,0
1744810115,818051261,238,0.0,0
1744810117,18283965,238,0.0,0
1744810118,819586181,303,0.0,0
1744810120,20185221,303,0.0,0
1744810121,821560109,304,0.0,0
1744810122,121675837,304,0.0,0
1744810123,923102073,305,0.0,0
1744810124,232564889,304,0.0,0
1744810124,824046953,306,0.0,0
1744810126,924883425,307,0.0,0
1744810127,828397817,245,0.0,0
1744810129,26190693,247,0.0,0
1744810129,927360849,308,0.0,0
1744810132,28711401,249,0.0,0
1744810132,28711401,309,0.0,0
1744810132,929566701,309,0.0,0
1744810133,832136465,251,0.0,0
1744810136,831429101,251,0.0,0
1744810138,32174313,251,0.0,0
1744810138,932320365,251,0.0,0
1744810139,833323493,251,0.0,0
1744810141,34042677,252,0.0,0
1744810142,835160285,252,0.0,0
1744810144,35963325,252,0.0,0
1744810144,936670653,252,0.0,0
1744810145,837173453,252,0.0,0
1744810147,38522049,310,0.0,0
1744810148,839395337,310,0.0,0
1744810150,40505073,311,0.0,0
1744810150,941621937,311,0.0,0
1744810151,842361725,312,0.0,0
1744810153,42506421,312,0.0,0
1744810153,942608385,312,0.0,0
1744810154,845525189,312,0.0,0
1744810156,43908621,313,0.0,0
1744810157,844890029,313,0.0,0
1744810159,45542625,314,0.0,0
1744810159,947183409,314,0.0,0
1744810160,847184501,257,0.0,0
1744810162,47489973,257,0.0,0
1744810163,848665913,315,0.0,0
1744810165,49435989,315,0.0,0
1744810165,952393089,315,0.0,0
1744810166,853293125,316,0.0,0
1744810168,51355689,317,0.0,0
1744810169,855011045,317,0.0,0
1744810170,152921221,318,0.0,0
1744810171,953891529,319,0.0,0
1744810172,854927609,319,0.0,0
1744810174,55586397,320,0.0,0
1744810174,958478181,321,0.0,0
1744810175,859057217,322,0.0,0
1744810177,62073237,323,0.0,0
1744810178,859236221,324,0.0,0
1744810180,58972029,325,0.0,0
1744810180,959553021,326,0.0,0
1744810181,860050973,327,0.0,0
1744810183,61245741,328,0.0,0
1744810183,962089425,329,0.0,0
1744810186,65009457,330,0.0,0
1744810187,864352709,331,0.0,0
1744810189,64582185,331,0.0,0
1744810189,967973445,332,0.0,0
1744810190,868553777,333,0.0,0
1744810192,67059645,334,0.0,0
1744810193,869897141,335,0.0,0
1744810195,68682045,335,0.0,0
1744810195,970027665,216,0.0,0
1744810196,869436557,336,0.0,0
1744810198,70239333,278,0.0,0
1744810198,970895061,337,0.0,0
1744810199,871046105,338,0.0,0
1744810201,972432021,218,0.0,0
1744810202,873205121,278,0.0,0
1744810204,73962513,337,0.0,0
1744810204,974608773,339,0.0,0
1744810205,877770005,339,0.0,0
1744810207,979115481,340,0.0,0
1744810208,877221437,340,0.0,0
1744810210,78064185,340,0.0,0
1744810210,980979093,340,0.0,0
1744810211,878874761,283,0.0,0
1744810213,79556589,340,0.0,0
1744810213,983128713,341,0.0,0
1744810216,81394665,341,0.0,0
1744810216,983159025,341,0.0,0
1744810217,883014641,341,0.0,0
1744810219,83623413,341,0.0,0
1744810219,985788213,285,0.0,0
1744810220,884326589,285,0.0,0
1744810221,785134009,285,0.0,0
1744810223,889082609,285,0.0,0
1744810224,789324217,285,0.0,0
1744810225,988195809,285,0.0,0
1744810226,888130385,286,0.0,0
1744810227,791099725,285,0.0,0
1744810228,989861985,285,0.0,0
1744810230,793292953,342,0.0,0
1744810231,991217517,343,0.0,0
1744810232,892162409,343,0.0,0
1744810234,92102445,343,0.0,0
1744810235,893501189,342,0.0,0
1744810236,193754917,342,0.0,0
1744810237,94316193,342,0.0,0
1744810240,100738893,342,0.0,0
1744810240,996708993,344,0.0,0
1744810241,897009809,344,0.0,0
1744810243,98021985,344,0.0,0
1744810243,998459733,345,0.0,0
1744810244,899271785,345,0.0,0
1744810247,397721,345,0.0,0
1744810247,901125389,346,0.0,0
1744810249,128214117,346,0.0,0
1744810250,3953057,347,0.0,0
1744810250,905378285,347,0.0,0
1744810251,806070049,348,0.0,0
1744810253,905102753,348,0.0,0
1744810255,105113505,349,0.0,0
1744810256,5967965,349,0.0,0
1744810256,907195973,350,0.0,0
1744810258,107021985,351,0.0,0
1744810259,9512393,352,0.0,0
1744810259,908033057,353,0.0,0
1744810260,809039233,22,0.0,0
1744810262,909866981,354,0.0,0
1744810263,810875929,355,0.0,0
1744810265,11169077,356,0.0,0
1744810265,911621405,357,0.0,0
1744810266,812873629,358,0.0,0
1744810268,13068473,359,0.0,0
1744810269,816290185,360,0.0,0
1744810271,14862737,361,0.0,0
1744810271,917956277,362,0.0,0
1744810272,818559517,362,0.0,0
1744810274,16292945,363,0.0,0
1744810274,917056313,363,0.0,0
1744810275,819018241,363,0.0,0
1744810277,920972849,363,0.0,0
1744810278,819461089,363,0.0,0
1744810280,20088905,364,0.0,0
1744810280,920674853,364,0.0,0
1744810281,823834969,365,0.0,0
1744810283,21915785,365,0.0,0
1744810283,922485089,365,0.0,0
1744810286,23616101,366,0.0,0
1744810286,926861177,366,0.0,0
1744810287,825480013,366,0.0,0
1744810289,25406813,367,0.0,0
1744810289,928742873,367,0.0,0
1744810292,27127505,368,0.0,0
1744810292,927765413,368,0.0,0
1744810293,830865649,368,0.0,0
1744810295,29024669,369,0.0,0
1744810295,929448089,369,0.0,0
1744810296,831220705,370,0.0,0
1744810298,931221833,370,0.0,0
1744810299,831751537,371,0.0,0
1744810301,32388497,371,0.0,0
1744810301,935783129,371,0.0,0
1744810302,833540689,372,0.0,0
1744810304,34332221,373,0.0,0
1744810304,936423881,374,0.0,0
1744810307,36021413,375,0.0,0
1744810307,936638393,376,0.0,0
1744810309,137258097,377,0.0,0
1744810310,38141753,378,0.0,0
1744810310,939066257,379,0.0,0
1744810311,839333329,380,0.0,0
1744810313,39570953,380,0.0,0
1744810313,942833333,381,0.0,0
1744810316,41384813,381,0.0,0
1744810316,941747801,382,0.0,0
1744810317,843106885,382,0.0,0
1744810319,43153841,382,0.0,0
1744810319,943008329,383,0.0,0
1744810320,846946333,383,0.0,0
1744810322,45446093,384,0.0,0
1744810323,848416021,384,0.0,0
1744810325,46457537,384,0.0,0
1744810325,949724465,385,0.0,0
1744810326,847481293,385,0.0,0
1744810328,48584441,386,0.0,0
1744810328,949491761,387,0.0,0
1744810329,849314485,387,0.0,0
1744810331,950478437,387,0.0,0
1744810332,853863493,387,0.0,0
1744810334,52292693,388,0.0,0
1744810334,952787117,388,0.0,0
1744810335,855049669,389,0.0,0
1744810337,955184429,389,0.0,0
1744810338,254240113,389,0.0,0
1744810340,955118933,390,0.0,0
1744810341,856851985,390,0.0,0
1744810343,58677233,390,0.0,0
1744810343,958125209,391,0.0,0
1744810344,860644033,391,0.0,0
1744810346,58819613,391,0.0,0
1744810346,959767649,392,0.0,0
1744810349,60900845,392,0.0,0
1744810349,961633421,392,0.0,0
1744810350,864132301,392,0.0,0
1744810352,62395865,393,0.0,0
1744810352,963274193,393,0.0,0
1744810353,867084289,394,0.0,0
1744810355,63857585,394,0.0,0
1744810355,964838057,394,0.0,0
1744810358,65369177,395,0.0,0
1744810358,966357305,396,0.0,0
1744810359,867420277,395,0.0,0
1744810361,67356533,397,0.0,0
1744810361,968152901,398,0.0,0
1744810364,370570733,398,0.0,0
1744810364,969591761,398,0.0,0
1744810365,869921545,399,0.0,0
1744810367,70529153,399,0.0,0
1744810367,971594633,400,0.0,0
1744810368,874260097,400,0.0,0
1744810370,72239021,401,0.0,0
1744810371,875973649,401,0.0,0
1744810373,73868537,402,0.0,0
1744810373,975001829,403,0.0,0
1744810374,875551177,404,0.0,0
1744810376,78171209,405,0.0,0
1744810376,976689653,406,0.0,0
1744810378,183650253,407,0.0,0
1744810379,977949365,408,0.0,0
1744810380,878385025,409,0.0,0
1744810382,79129385,410,0.0,0
1744810382,979755497,411,0.0,0
1744810383,880226941,412,0.0,0
1744810385,80982653,413,0.0,0
1744810385,981855809,412,0.0,0
1744810388,82677977,414,0.0,0
1744810388,983472149,413,0.0,0
1744810389,883621033,195,0.0,0
1744810391,91274285,415,0.0,0
1744810391,984971189,416,0.0,0
1744810394,85676057,417,0.0,0
1744810394,987034409,418,0.0,0
1744810395,888281941,419,0.0,0
1744810397,87463097,420,0.0,0
1744810397,988650065,421,0.0,0
1744810398,889966885,422,0.0,0
1744810400,989889881,421,0.0,0
1744810401,889914049,423,0.0,0
1744810403,90669545,424,0.0,0
1744810403,991360481,424,0.0,0
1744810404,891987301,421,0.0,0
1744810406,993407489,421,0.0,0
1744810407,894801637,424,0.0,0
1744810409,94009817,424,0.0,0
1744810409,995090201,424,0.0,0
1744810410,896468521,424,0.0,0
1744810412,95603729,425,0.0,0
1744810412,996439133,425,0.0,0
1744810415,98053205,426,0.0,0
1744810415,997836461,426,0.0,0
1744810416,899987677,426,0.0,0
1744810418,99058865,425,0.0,0
1744810418,999978713,426,0.0,0
1744810419,902836957,426,0.0,0
1744810421,100452293,426,0.0,0
1744810422,901376737,427,0.0,0
1744810424,102097685,427,0.0,0
1744810425,3587365,427,0.0,0
1744810425,903161401,427,0.0,0
1744810427,104021237,427,0.0,0
1744810428,6471277,428,0.0,0
1744810430,105920129,428,0.0,0
1744810431,6749533,428,0.0,0
1744810431,909253465,429,0.0,0
1744810433,107371253,429,0.0,0
1744810434,8842069,429,0.0,0
1744810434,907935361,429,0.0,0
1744810437,26835937,430,0.0,0
1744810437,912321709,430,0.0,0
1744810440,22663837,431,0.0,0
1744810440,22663837,431,0.0,0
1744810440,911412277,431,0.0,0
1744810443,12462781,432,0.0,0
1744810444,814087665,432,0.0,0
1744810446,34963561,433,0.0,0
1744810446,914380417,434,0.0,0
1744810448,115438841,435,0.0,0
1744810449,15761881,436,0.0,0
1744810449,916187233,437,0.0,0
1744810452,17448217,438,0.0,0
1744810452,920210893,439,0.0,0
1744810453,818451393,440,0.0,0
1744810455,20175853,441,0.0,0
1744810456,822005793,442,0.0,0
1744810458,20759545,443,0.0,0
1744810458,923883733,444,0.0,0
1744810461,22179793,445,0.0,0
1744810462,824939061,155,0.0,0
1744810464,42375865,446,0.0,0
1744810464,924580105,447,0.0,0
1744810466,148190921,448,0.0,0
1744810467,27060133,449,0.0,0
1744810467,926452777,450,0.0,0
1744810469,126791789,448,0.0,0
1744810470,927205453,451,0.0,0
1744810472,128326013,452,0.0,0
1744810473,29972725,453,0.0,0
1744810473,929193565,454,0.0,0
1744810474,829876053,450,0.0,0
1744810476,930612121,455,0.0,0
1744810478,147076481,456,0.0,0
1744810479,37011529,457,0.0,0
1744810479,933550333,380,0.0,0
1744810481,133465049,384,0.0,0
1744810482,37820425,172,0.0,0
1744810482,934058149,457,0.0,0
1744810485,34827853,458,0.0,0
1744810485,938002429,458,0.0,0
1744810486,838634049,458,0.0,0
1744810488,39186337,387,0.0,0
1744810488,938267857,459,0.0,0
1744810491,40893109,459,0.0,0
1744810491,938971669,459,0.0,0
1744810492,839981529,459,0.0,0
1744810494,41208997,389,0.0,0
1744810494,940319629,389,0.0,0
1744810495,843480189,55,0.0,0
1744810497,41541589,460,0.0,0
1744810497,941556589,175,0.0,0
1744810500,42703345,461,0.0,0
1744810500,945792685,461,0.0,0
1744810501,844137297,461,0.0,0
1744810503,45651949,461,0.0,0
1744810503,944720053,462,0.0,0
1744810504,845421273,462,0.0,0
1744810506,946487557,462,0.0,0
1744810507,846998865,463,0.0,0
1744810509,50307073,463,0.0,0
1744810509,947757973,464,0.0,0
1744810511,148264145,464,0.0,0
1744810512,48696277,464,0.0,0
1744810512,951156421,464,0.0,0
1744810515,50638825,465,0.0,0
1744810515,950639101,465,0.0,0
1744810518,53833885,466,0.0,0
1744810518,952388509,466,0.0,0
1744810521,55121713,466,0.0,0
1744810521,956567125,467,0.0,0
1744810522,857742117,467,0.0,0
1744810524,55713481,468,0.0,0
1744810524,958126789,468,0.0,0
1744810525,857420313,469,0.0,0
1744810527,959890537,469,0.0,0
1744810528,861363573,470,0.0,0
1744810530,958524601,471,0.0,0
1744810531,260070777,472,0.0,0
1744810531,860140233,473,0.0,0
1744810533,59917285,474,0.0,0
1744810534,863031729,475,0.0,0
1744810536,61851745,476,0.0,0
1744810536,963143365,477,0.0,0
1744810539,62722429,478,0.0,0
1744810539,62722429,411,0.0,0
1744810539,963597169,412,0.0,0
1744810540,867263409,413,0.0,0
1744810543,865964001,414,0.0,0
1744810545,68134189,479,0.0,0
1744810545,967763425,479,0.0,0
1744810546,868210125,479,0.0,0
1744810548,79432765,479,0.0,0
1744810548,969221677,416,0.0,0
1744810549,869729205,480,0.0,0
1744810551,970935241,481,0.0,0
1744810553,170230925,482,0.0,0
1744810554,70755253,483,0.0,0
1744810554,972397429,421,0.0,0
1744810555,873479025,484,0.0,0
1744810557,74499349,424,0.0,0
1744810557,973939249,485,0.0,0
1744810560,73257973,423,0.0,0
1744810560,973675513,424,0.0,0
1744810563,75172525,424,0.0,0
1744810563,975442549,424,0.0,0
1744810564,876145761,424,0.0,0
1744810566,77453869,425,0.0,0
1744810566,978105577,425,0.0,0
1744810569,78204037,486,0.0,0
1744810569,978689185,486,0.0,0
1744810570,880048665,425,0.0,0
1744810572,80587345,425,0.0,0
1744810572,980456581,426,0.0,0
1744810573,881168781,426,0.0,0
1744810575,82368421,426,0.0,0
1744810576,883205169,427,0.0,0
1744810578,83308585,427,0.0,0
1744810578,984299629,487,0.0,0
1744810579,885313425,487,0.0,0
1744810581,84840145,487,0.0,0
1744810581,985858681,487,0.0,0
1744810584,85990189,487,0.0,0
1744810584,987120385,487,0.0,0
1744810585,887145237,488,0.0,0
1744810587,104150833,488,0.0,0
1744810587,989764129,488,0.0,0
1744810588,888808737,488,0.0,0
1744810590,988608001,489,0.0,0
1744810591,890151513,489,0.0,0
1744810593,989860561,489,0.0,0
1744810594,890576733,489,0.0,0
1744810596,91541053,490,0.0,0
1744810596,994421377,490,0.0,0
1744810597,892818669,491,0.0,0
1744810599,93083077,490,0.0,0
1744810600,895845165,490,0.0,0
1744810602,97537897,492,0.0,0
1744810602,994982485,492,0.0,0
1744810603,894982893,492,0.0,0
1744810605,105737317,493,0.0,0
1744810605,998926153,494,0.0,0
1744810606,899088729,495,0.0,0
1744810608,999049273,496,0.0,0
1744810609,897832197,442,0.0,0
